break_chrom1	break_pos1	break_chrom2	break_pos2	break_sv_type	break_read_support	break_features	break_orientation	AA_homology_len	AA_homology_seq	sc_pos1	sc_pos2	sc_hom_len	sc_hom
chr2	127674680	chr2	127677273	deletion-like	2	Linear	+-						
chr3	111274086	chr8	128533830	interchromosomal	23		--			111274086	128533819	-3	AAA
chr6	371970	chr8	128929905	interchromosomal	2		-+						
chr6	382396	chr16	33428530	interchromosomal	4	unknown	++			382461	33428530	2	TG
chr8	127437995	chr8	130278184	inversion	15	ecDNA	--			127437993	130278184	6	TTCAAG
chr8	127438979	chr8	128015731	deletion-like	3	ecDNA	+-						
chr8	127565466	chr8	128421048	duplication-like	8	ecDNA	-+	-1.0	T	127565466	128421048	-1	A
chr8	127638303	chr13	28549943	interchromosomal	6		-+			127638303	28549945	-2	AT
chr8	127649271	chr8	128147616	deletion-like	8	ecDNA	+-			127649271	128147614	-20	GTAGCTGTGGCAGGAGGAGT
chr8	127696903	chr8	128156592	duplication-like	4	ecDNA	-+						
chr8	127705655	chr8	128838111	deletion-like	6	ecDNA	+-	3.0	TTT				
chr8	127706570	chr8	128762601	inversion	20	ecDNA	--	1.0	C	127706220	128762831	215	CCACCTCCCTGGTTCAAGTGATTCTTCTGCCTCAGCCTCACGAGTAGCTGGGACTACAGGCGAACGCCACCATGCCCGGCTAATTTTTGTATTTTTAGTAGAGACAGGGTTTCCCCATATTGGCCAGGCTGGTCTCAAACTCCTGACCTCATGATCTGCCCGCCTCAGCCTCCCAAAGTGCTGGAATTACAGGTGTGAGCCACTGCGCCCAGCCT
chr8	127991863	chr8	128071624	inversion	9	ecDNA	++						
chr8	127992092	chr8	128951508	inversion	6	ecDNA	--						
chr8	128275536	chr8	128373864	deletion-like	5	ecDNA	+-	2.0	GC				
chr8	128302325	chr8	128339963	inversion	6	ecDNA	--	1.0	C	128302325	128339955	9	GCAAACATT
chr8	128334662	chr8	128338406	foldback	5	ecDNA	++	4.0	TAGC	128334448	128338056	1	A
chr8	128640599	chr8	128950418	duplication-like	6	ecDNA	-+						
chr8	128750439	chr8	128836642	duplication-like	17	ecDNA	-+	1.0	G	128750439	128836642	1	G
chr8	128756580	chr8	128838235	inversion	6	ecDNA	++	22.0	AGTCCCAGCTACTCAGGAGGCT				
chr8	129010064	chr8	130286722	inversion	14	ecDNA	++	2.0	TG	129010064	130286722	2	CA
chr13	28381831	chr16	33431447	interchromosomal	3	unknown	-+			28381831	33431454	-8	AGAATAAT
chr16	32371235	chr16	33368571	deletion-like	2	unknown	+-			32371585	33368221	25	ACCATGTCTGGCTAATTTAATTTTT
