	break_chrom1	break_pos1	break_chrom2	break_pos2	AA_homology_seq	homology	query_name	split	query_chrom	query_pos	query_end	query_orientation	query_cigar	query_aln_sub	query_aln_full
0	chr13	92474011	chr13	92475758	AA	TT	57596	True	chr13	92473942	92474011	-	70M30S	AGACGTAATGTGATTTCTTCTAATCTATTCATATGATTATTATATTAATGGATGCTAACTAATCATCAAA	AGACGTAATGTGATTTCTTCTAATCTATTCATATGATTATTATATTAATGGATGCTAACTAATCATCAAATTCTTTAAGTTGAAGTGGGAGCATTAATTT
1	chr13	92474011	chr13	92475758	AA	TT	57596	True	chr13	92475727	92475758	+	32M68H	AAATTAATGCTCCCACTTCAACTTAAAGAATT	AAATTAATGCTCCCACTTCAACTTAAAGAATT
2	chr13	92474011	chr13	92475758	AA	TT	83594	True	chr13	92475722	92475758	-	37M63H	AAAGTAAATTAATGCTCCCACTTCAACTTAAAGAATT	AAAGTAAATTAATGCTCCCACTTCAACTTAAAGAATT
3	chr13	92474011	chr13	92475758	AA	TT	83594	True	chr13	92473947	92474011	+	65M35S	TAATGTGATTTCTTCTAATCTATTCATATGATTATTATATTAATGGATGCTAACTAATCATCAAA	TAATGTGATTTCTTCTAATCTATTCATATGATTATTATATTAATGGATGCTAACTAATCATCAAATTCTTTAAGTTGAAGTGGGAGCATTAATTTACTTT
4	chr13	81088033	chr13	81469935	AAC	AAC	78137	True	chr13	81088033	81088097	-	35S65M	AACTTTTATCCTCTCTCATGGGGTGCATTACTTTCCAGTCTGGTACATTGTCTAGAAAAGTGTCG	GTTAATGAAAAAAACAGAAGAATAAAGACCAAAGAAACTTTTATCCTCTCTCATGGGGTGCATTACTTTCCAGTCTGGTACATTGTCTAGAAAAGTGTCG
5	chr13	81088033	chr13	81469935	AAC	AAC	78137	True	chr13	81469935	81469972	+	62H38M	GTTTCTTTGGTCTTTATTCTTCTGTTTTTTTCATTAAC	GTTTCTTTGGTCTTTATTCTTCTGTTTTTTTCATTAAC
6	chr13	81088033	chr13	81469935	AAC	AAC	60717	True	chr13	81469935	81469972	+	62H38M	GTTTCTTTGGTCTTTATTCTTCTGTTTTTTTCATTAAC	GTTTCTTTGGTCTTTATTCTTCTGTTTTTTTCATTAAC
7	chr13	81088033	chr13	81469935	AAC	AAC	60717	True	chr13	81088033	81088097	-	35S65M	AACTTTTATCCTCTCTCATGGGGTGCATTACTTTCCAGTCTGGTACATTGTCTAGAAAAGTGTCG	GTTAATGAAAAAAACAGAAGAATAAAGACCAAAGAAACTTTTATCCTCTCTCATGGGGTGCATTACTTTCCAGTCTGGTACATTGTCTAGAAAAGTGTCG
8	chr9	134155524	chr13	108661411	AT	AT	77319	False	chr13	108661338	108661411	+	74M26S	CTTTGAGTGAAGTATTTAGGACTTGCTTCTATTGAGGCTATTTTACCTTCCTGCTTTGTCTTGAAAATTATAAT	CTTTGAGTGAAGTATTTAGGACTTGCTTCTATTGAGGCTATTTTACCTTCCTGCTTTGTCTTGAAAATTATAATGGACTGATGCTTCCTGGTCCCTTCTC
9	chr9	134155524	chr13	108661411	AT	AT	60793	False	chr13	108661334	108661411	+	78M22S	ATGACTTTGAGTGAAGTATTTAGGACTTGCATCTATTGAGGCTATTTTACCTTCCTGCTTTGTCTTGAAAATTATAAT	ATGACTTTGAGTGAAGTATTTAGGACTTGCATCTATTGAGGCTATTTTACCTTCCTGCTTTGTCTTGAAAATTATAATGGACTGATGCTTCCTGGTCCCT
10	chr9	134155524	chr13	108661411	AT	AT	28031	False	chr9	134155451	134155524	-	74M26S	TCCCCCTTGACATCACCCCTGCACAGGATGTCATCTCAGTCTGCAGGAGAAGGGACCAGGAAGCATCAGTCCAT	TCCCCCTTGACATCACCCCTGCACAGGATGTCATCTCAGTCTGCAGGAGAAGGGACCAGGAAGCATCAGTCCATTATAATTTTCAAGACAAAGCAGGAAG
11	chr9	134155524	chr13	108661411	AT	AT	44926	False	chr9	134155445	134155524	+	80M20S	ACCTGCTCCCCCTTGACATCACCCCTGCACAGGATGTCATCTCAGTCTGCAGGAGAAGGGACCAGGAAGCATCAGTCCAT	ACCTGCTCCCCCTTGACATCACCCCTGCACAGGATGTCATCTCAGTCTGCAGGAGAAGGGACCAGGAAGCATCAGTCCATTATAATTTTCAAGACAAAGC
12	chr9	134155524	chr13	108661411	AT	AT	15460	False	chr13	108661328	108661411	-	84M16S	AGTTTTATGACTTTGAGTGAAGTATTTAGGACTTGCTTCTATTGAGGCTATTTTACCTTCCTGCTTTGTCTTGAAAATTATAAT	AGTTTTATGACTTTGAGTGAAGTATTTAGGACTTGCTTCTATTGAGGCTATTTTACCTTCCTGCTTTGTCTTGAAAATTATAATGGACTGATGCTTCCTG
13	chr9	134155524	chr13	108661411	AT	AT	38163	False	chr13	108661318	108661411	-	94M6S	TAAACATTCAAGTTTTATGACTTTGAGTGAAGTATTTAGGACTTGCTTCTATTGAGGCTATTTTACCTTCCTGCTTTGTCTTGAAAATTATAAT	TAAACATTCAAGTTTTATGACTTTGAGTGAAGTATTTAGGACTTGCTTCTATTGAGGCTATTTTACCTTCCTGCTTTGTCTTGAAAATTATAATGGACTG
14	chr9	134155524	chr13	108661411	AT	AT	29921	True	chr13	108661342	108661411	+	70M30S	GAGTGAAGTATTTAGGACTTGCTTCTATTGAGGCTATTTTACCTTCCTGCTTTGTCTTGAAAATTATAAT	GAGTGAAGTATTTAGGACTTGCTTCTATTGAGGCTATTTTACCTTCCTGCTTTGTCTTGAAAATTATAATGGACTGATGCTTCCTGGTCCCTTCTCCTGC
15	chr9	134155524	chr13	108661411	AT	AT	29921	True	chr9	134155493	134155524	-	32M68H	GCAGGAGAAGGGACCAGGAAGCATCAGTCCAT	GCAGGAGAAGGGACCAGGAAGCATCAGTCCAT
16	chr9	134155524	chr13	108661411	AT	AT	29524	True	chr9	134155484	134155524	-	41M59H	TCTCAGTCTGCAGGAGAAGGGACCAAGAAGCATCAGTCCAT	TCTCAGTCTGCAGGAGAAGGGACCAAGAAGCATCAGTCCAT
17	chr9	134155524	chr13	108661411	AT	AT	29524	True	chr13	108661351	108661411	+	61M39S	ATTTAGGACTTGCTTCTATTGAGGCTATTTTACCTTCCTGCTTTGTCTTGAAAATTATAAT	ATTTAGGACTTGCTTCTATTGAGGCTATTTTACCTTCCTGCTTTGTCTTGAAAATTATAATGGACTGATGCTTCTTGGTCCCTTCTCCTGCAGACTGAGA
18	chr9	134155524	chr13	108661411	AT	AT	51161	True	chr13	108661350	108661411	-	62M38S	TATTTAGGACTTGCTTCTATTGAGGCTATTTTACCTTCCTGCTTTGTCTTGAAAATTATAAT	TATTTAGGACTTGCTTCTATTGAGGCTATTTTACCTTCCTGCTTTGTCTTGAAAATTATAATGGACTGATGCTTCCTGGTCCCTTCTCCTGCAGACTGAG
19	chr9	134155524	chr13	108661411	AT	AT	51161	True	chr9	134155485	134155524	+	40M60H	CTCAGTCTGCAGGAGAAGGGACCAGGAAGCATCAGTCCAT	CTCAGTCTGCAGGAGAAGGGACCAGGAAGCATCAGTCCAT
20	chr13	81470036	chr13	81470311	ATAAAA	TTTTAT	69813	False	chr13	81470218	81470311	+	94M6S	ATGCCTGAATAATATTGATATTAGTTATTTGTAACTTGTATCTCTGTTTTAAAAAGTTTATCTATATGTCTTGCCACAGATTTATTACTTTTAT	ATGCCTGAATAATATTGATATTAGTTATTTGTAACTTGTATCTCTGTTTTAAAAAGTTTATCTATATGTCTTGCCACAGATTTATTACTTTTATTTCAGA
21	chr13	81470036	chr13	81470311	ATAAAA	TTTTAT	15030	True	chr13	81469984	81470036	+	53M47S	ATAAACTATTTATACACATACACACGGATGTTCCATATGAGTCTGAAATAAAA	ATAAACTATTTATACACATACACACGGATGTTCCATATGAGTCTGAAATAAAAGTAATAAATCTGTGGCAAGACATATAGATAAACTTTTTAAAACAGAG
22	chr13	81470036	chr13	81470311	ATAAAA	TTTTAT	15030	True	chr13	81470259	81470311	-	53M47H	CTCTGTTTTAAAAAGTTTATCTATATGTCTTGCCACAGATTTATTACTTTTAT	CTCTGTTTTAAAAAGTTTATCTATATGTCTTGCCACAGATTTATTACTTTTAT
23	chr9	133607147	chr22	23632742	GAGTG	GAGTG	42709	False	chr9	133607147	133607225	+	21S79M	GAGTGGGTTTTATCAGCTTCCATACCCAAACAGAAATACCCTTAAGGATTTTCTTCTCTGATTGCACTAAATCTATAGG	CCTTTGACCCTGGCCGCTGTGGAGTGGGTTTTATCAGCTTCCATACCCAAACAGAAATACCCTTAAGGATTTTCTTCTCTGATTGCACTAAATCTATAGG
24	chr9	133607147	chr22	23632742	GAGTG	GAGTG	55306	False	chr9	133607147	133607223	+	23S77M	GAGTGGGTTTTATCAGCTTCCATACCCAAACAGAAATACCCTTAAGGATTTTCTTCTCTGATTGCACTAAATCTATA	CACCTTTGACCCTGGCCGCTGTGGAGTGGGTTTTATCAGCTTCCATACCCAAACAGAAATACCCTTAAGGATTTTCTTCTCTGATTGCACTAAATCTATA
25	chr9	133607147	chr22	23632742	GAGTG	GAGTG	74579	False	chr9	133607147	133607240	-	6S94M	GAGTGGGTTTTATCAGCTTCCATACCCAAACAGAAATACCCTTAAGGATTTTCTTCTCTGATTGCACTAAATCTATAGGTTTCTTTGATCCTAG	GCTGTGGAGTGGGTTTTATCAGCTTCCATACCCAAACAGAAATACCCTTAAGGATTTTCTTCTCTGATTGCACTAAATCTATAGGTTTCTTTGATCCTAG
26	chr9	133607147	chr22	23632742	GAGTG	GAGTG	83530	False	chr22	23632647	23632742	-	96M4S	CTCCACCCAGGAAGGACTAATCGGGCAGGGTGTGGGGAAACAGGGAGGTTGTTCAGATGACCACGGGACACCTTTGACCCTGGCCGCTGTGGAGTG	CTCCACCCAGGAAGGACTAATCGGGCAGGGTGTGGGGAAACAGGGAGGTTGTTCAGATGACCACGGGACACCTTTGACCCTGGCCGCTGTGGAGTGGGTT
27	chr9	133607147	chr22	23632742	GAGTG	GAGTG	7231	False	chr22	23632655	23632742	-	88M12S	AGGAAGGACTAATCGGGCAGGGTGTGGGGAAACAGGGAGGTTGTTCAGATGACCACGGGACACCTTTGACCCTGGCCGCTGTGGAGTG	AGGAAGGACTAATCGGGCAGGGTGTGGGGAAACAGGGAGGTTGTTCAGATGACCACGGGACACCTTTGACCCTGGCCGCTGTGGAGTGGGTTTTATCAGC
28	chr9	133607147	chr22	23632742	GAGTG	GAGTG	43841	False	chr22	23632654	23632742	-	89M11S	CAGGAAGGACTAATCGGGCAGGGTGTGGGGAAACAGGGAGGTTGTTCAGATGACCACGGGACACCTTTGACCCTGGCCGCTGTGGAGTG	CAGGAAGGACTAATCGGGCAGGGTGTGGGGAAACAGGGAGGTTGTTCAGATGACCACGGGACACCTTTGACCCTGGCCGCTGTGGAGTGGGTTTTATCAG
29	chr9	133607147	chr22	23632742	GAGTG	GAGTG	92037	True	chr9	133607147	133607212	+	34S66M	GAGTGGGTTTTATCAGCTTCCATACCCAAACAGAAATACCCTTAAGGATTTTCTTCTCTGATTGCA	TGACCACGGGACACCTTTGACCCTGGCCGCTGTGGAGTGGGTTTTATCAGCTTCCATACCCAAACAGAAATACCCTTAAGGATTTTCTTCTCTGATTGCA
30	chr9	133607147	chr22	23632742	GAGTG	GAGTG	92037	True	chr22	23632704	23632742	+	39M61H	TGACCACGGGACACCTTTGACCCTGGCCGCTGTGGAGTG	TGACCACGGGACACCTTTGACCCTGGCCGCTGTGGAGTG
31	chr9	133607147	chr22	23632742	GAGTG	GAGTG	31831	True	chr22	23632682	23632742	-	61M39S	GGAAACAGGGAGGTTGTTCAGATGACCACGGGACACCTTTGACCCTGGCCGCTGTGGAGTG	GGAAACAGGGAGGTTGTTCAGATGACCACGGGACACCTTTGACCCTGGCCGCTGTGGAGTGGGTTTTATCAGCTTCCATACCCAAACAGAAATACCCTTA
32	chr9	133607147	chr22	23632742	GAGTG	GAGTG	31831	True	chr9	133607147	133607190	-	56H44M	GAGTGGGTTTTATCAGCTTCCATACCCAAACAGAAATACCCTTA	GAGTGGGTTTTATCAGCTTCCATACCCAAACAGAAATACCCTTA
33	chr9	133607147	chr22	23632742	GAGTG	GAGTG	88045	True	chr9	133607147	133607177	-	69H31M	GAGTGGGTTTTATCAGCTTCCATACCCAAAC	GAGTGGGTTTTATCAGCTTCCATACCCAAAC
34	chr9	133607147	chr22	23632742	GAGTG	GAGTG	88045	True	chr22	23632669	23632742	-	74M26S	GGGCAGGGTGTGGGGAAACAGGGAGGTTGTTCAGATGACCACGGGACACCTTTGACCCTGGCCGCTGTGGAGTG	GGGCAGGGTGTGGGGAAACAGGGAGGTTGTTCAGATGACCACGGGACACCTTTGACCCTGGCCGCTGTGGAGTGGGTTTTATCAGCTTCCATACCCAAAC
35	chr9	133607147	chr22	23632742	GAGTG	GAGTG	93025	True	chr9	133607147	133607217	-	29S71M	GAGTGGGTTTTATCAGCTTCCATACCCAAACAGAAATACCCTTAAGGATTTTCTTCTCTGATTGCACTAAA	ACGGGACACCTTTGACCCTGGCCGCTGTGGAGTGGGTTTTATCAGCTTCCATACCCAAACAGAAATACCCTTAAGGATTTTCTTCTCTGATTGCACTAAA
36	chr9	133607147	chr22	23632742	GAGTG	GAGTG	93025	True	chr22	23632709	23632742	-	34M66H	ACGGGACACCTTTGACCCTGGCCGCTGTGGAGTG	ACGGGACACCTTTGACCCTGGCCGCTGTGGAGTG
37	chr13	81109414	chr13	90438707	TGG	CCA	53350	False	chr13	81109329	81109414	+	86M14S	GTGCCTATGTGTTTATCTCCACAGTGCAATGTATTGGTTACATAATAGCTGTCACTGACTGAATTAATTTTACCTCATATGTCTGG	GTGCCTATGTGTTTATCTCCACAGTGCAATGTATTGGTTACATAATAGCTGTCACTGACTGAATTAATTTTACCTCATATGTCTGGGCAAAATCTTAAGC
38	chr13	81109414	chr13	90438707	TGG	CCA	53830	False	chr13	81109336	81109414	-	79M21S	TGTGTTTATCTCCACAGTGCAATGTATTGGTTACATAATAGCTGTCTCTGACTGAATTAATTTTACCTCATATGTCTGG	TGTGTTTATCTCCACAGTGCAATGTATTGGTTACATAATAGCTGTCTCTGACTGAATTAATTTTACCTCATATGTCTGGGCAAAATCTTAAGCTCAGTTT
39	chr13	81109414	chr13	90438707	TGG	CCA	37286	False	chr13	81109339	81109414	-	76M24S	GTTTATCTGCACAGTGCAATGTATTGGTTACATAATAGCTGTCACTGACTGAATTAATTTTACCTCATATGTCTGG	GTTTATCTGCACAGTGCAATGTATTGGTTACATAATAGCTGTCACTGACTGAATTAATTTTACCTCATATGTCTGGGCAAAATCTTAAGCTCAGTTTTTT
40	chr13	81109414	chr13	90438707	TGG	CCA	14946	False	chr13	81109341	81109414	-	74M26S	TTATCTCCACAGTGCAATGTATTGGTTACATAATAGCTGTCACTGACTGAATTAATTTTACCTCATATGTCTGG	TTATCTCCACAGTGCAATGTATTGGTTACATAATAGCTGTCACTGACTGAATTAATTTTACCTCATATGTCTGGGCAAAATCTTAAGCTCAGTTTTTTAA
41	chr13	81109414	chr13	90438707	TGG	CCA	16139	False	chr13	81109334	81109414	-	81M19S	TATGTGTTTATCTCCACAGTGCAATGTATTGGTTACATAATAGCTGTCACTGACTGAATTAATTTTACCTCATATGTCTGG	TATGTGTTTATCTCCACAGTGCAATGTATTGGTTACATAATAGCTGTCACTGACTGAATTAATTTTACCTCATATGTCTGGGCAAAATCTTAAGCTCAGT
42	chr13	81109414	chr13	90438707	TGG	CCA	53350	True	chr13	90438707	90438771	-	35S65M	TGGGCAAAATCTTAAGCTCAGTTTTTTAACTTTATTTTTGGTCCATCTTGATTATAATTCTATTT	CTGTCACTGACTGAATTAATTTTACCTCATATGTCTGGGCAAAATCTTAAGCTCAGTTTTTTAACTTTATTTTTGGTCCATCTTGATTATAATTCTATTT
43	chr13	81109414	chr13	90438707	TGG	CCA	53350	True	chr13	81109377	81109414	-	38M62H	CTGTCACTGACTGAATTAATTTTACCTCATATGTCTGG	CTGTCACTGACTGAATTAATTTTACCTCATATGTCTGG
44	chr13	81109414	chr13	90438707	TGG	CCA	84698	True	chr13	90438707	90438746	+	60H40M	TGGGCAAAATCTTAAGCTCAGTTTTTTAACTTTATTTTTG	TGGGCAAAATCTTAAGCTCAGTTTTTTAACTTTATTTTTG
45	chr13	81109414	chr13	90438707	TGG	CCA	84698	True	chr13	81109352	81109414	+	63M37S	GTGCAATGTATTGGTTACATAATAGCTGTCACTGACTGAATTAATTTTACCTCATATGTCTGG	GTGCAATGTATTGGTTACATAATAGCTGTCACTGACTGAATTAATTTTACCTCATATGTCTGGGCAAAATCTTAAGCTCAGTTTTTTAACTTTATTTTTG
46	chr13	94023408	chr13	108500973			87256	False	chr13	94023311	94023408	+	98M2S	AACATAGTCCACAGCTATGTGGATGGTTGTGACAGATGTTGTATTCTGATTTTGAAAACTAGGTTGAAATGTAACATAGTTCTTGACATATGCATTTT	AACATAGTCCACAGCTATGTGGATGGTTGTGACAGATGTTGTATTCTGATTTTGAAAACTAGGTTGAAATGTAACATAGTTCTTGACATATGCATTTTAT
47	chr13	94023408	chr13	108500973			93655	False	chr13	94023322	94023408	+	87M13S	CAGCTATGTGGATGGTTGTGACAGATGTTGTATTCTGATTTTGAAAACTAGGTTGAAATGTAACATAGTTCTTGACATATGCATTTT	CAGCTATGTGGATGGTTGTGACAGATGTTGTATTCTGATTTTGAAAACTAGGTTGAAATGTAACATAGTTCTTGACATATGCATTTTATCTATCCTAAAT
48	chr13	94023408	chr13	108500973			62556	True	chr13	108500973	108501011	+	61H39M	ATCTATCCTAAATTCCCTAAGCATCCTCTGTGTCTCTCC	ATCTATCCTAAATTCCCTAAGCATCCTCTGTGTCTCTCC
49	chr13	94023408	chr13	108500973			62556	True	chr13	94023348	94023408	+	61M39S	GTTGTATTCTGATTTTGAAAACTAGGTTGAAATGTAACATAGTTCTTGACATATGCATTTT	GTTGTATTCTGATTTTGAAAACTAGGTTGAAATGTAACATAGTTCTTGACATATGCATTTTATCTATCCTAAATTCCCTAAGCATCCTCTGTGTCTCTCC
50	chr22	18953123	chr22	22935374			14734	True	chr22	22935374	22935405	+	68H32M	TTGGGTCTCAGAGTTTGTGCTGAGTTAGTTAA	TTGGGTCTCAGAGTTTGTGCTGAGTTAGTTAA
51	chr22	18953123	chr22	22935374			14734	True	chr22	18953123	18953190	-	32S68M	TCCATCTGGGAAACGGAACAAACCTGCATGCCGCATGGATCATGGTGGCCCAGAGTGGGGTGCCCAGG	TTAACTAACTCAGCACAAACTCTGAGACCCAATCCATCTGGGAAACGGAACAAACCTGCATGCCGCATGGATCATGGTGGCCCAGAGTGGGGTGCCCAGG
