break_chrom1	break_pos1	break_chrom2	break_pos2	break_sv_type	break_read_support	break_features	break_orientation	AA_homology_len	AA_homology_seq	query_name	query_short	split	proper_pair	read_num	query_chrom	query_pos	query_end	query_orientation	query_cigar	query_aln_full	query_aln_sub
chr9	133607147	chr22	23632742	interchromosomal	7	unknown	-+	5.0	GAGTG	HWI-ST1113:353:H99R3ADXX:2:2216:1974:92037	92037	True	Concordant	1	chr9	133607147	133607212	+	34S66M	TGACCACGGGACACCTTTGACCCTGGCCGCTGTGGAGTGGGTTTTATCAGCTTCCATACCCAAACAGAAATACCCTTAAGGATTTTCTTCTCTGATTGCA	GAGTGGGTTTTATCAGCTTCCATACCCAAACAGAAATACCCTTAAGGATTTTCTTCTCTGATTGCA
chr9	133607147	chr22	23632742	interchromosomal	7	unknown	-+	5.0	GAGTG	HWI-ST1113:353:H99R3ADXX:2:2216:1974:92037	92037	True	Concordant	1	chr22	23632704	23632742	+	39M61H	TGACCACGGGACACCTTTGACCCTGGCCGCTGTGGAGTG	TGACCACGGGACACCTTTGACCCTGGCCGCTGTGGAGTG
chr9	133607147	chr22	23632742	interchromosomal	7	unknown	-+	5.0	GAGTG	HWI-ST1113:353:H99R3ADXX:2:2216:1974:92037	92037	False	Concordant	2	chr9	133607344	133607443	-	100M	TGTTTCAAATTTTCAACTTTCAAAATTCCTGCTGCTTCTTTCCAATTCACCTTTCTCTATTCTTTTTTTTTTTCCAATTGTATTTTTCTTTGACACTCAG	TGTTTCAAATTTTCAACTTTCAAAATTCCTGCTGCTTCTTTCCAATTCACCTTTCTCTATTCTTTTTTTTTTTCCAATTGTATTTTTCTTTGACACTCAG
chr9	133607147	chr22	23632742	interchromosomal	7	unknown	-+	5.0	GAGTG	HWI-ST1113:353:H99R3ADXX:2:1104:8084:31831	31831	True	Concordant	1	chr22	23632682	23632742	-	61M39S	GGAAACAGGGAGGTTGTTCAGATGACCACGGGACACCTTTGACCCTGGCCGCTGTGGAGTGGGTTTTATCAGCTTCCATACCCAAACAGAAATACCCTTA	GGAAACAGGGAGGTTGTTCAGATGACCACGGGACACCTTTGACCCTGGCCGCTGTGGAGTG
chr9	133607147	chr22	23632742	interchromosomal	7	unknown	-+	5.0	GAGTG	HWI-ST1113:353:H99R3ADXX:2:1104:8084:31831	31831	True	Concordant	1	chr9	133607147	133607190	-	56H44M	GAGTGGGTTTTATCAGCTTCCATACCCAAACAGAAATACCCTTA	GAGTGGGTTTTATCAGCTTCCATACCCAAACAGAAATACCCTTA
chr9	133607147	chr22	23632742	interchromosomal	7	unknown	-+	5.0	GAGTG	HWI-ST1113:353:H99R3ADXX:2:1104:8084:31831	31831	False	Concordant	2	chr22	23632592	23632691	+	100M	AGAGTTCAAGTAAGTACTGGTTTGGGGAGGAGGGTTGCAGCGGCCGAGCCAGGGTCTCCACCCAGGAAGGACTAATCGGGCAGGGTGTGGGGAAACAGGG	AGAGTTCAAGTAAGTACTGGTTTGGGGAGGAGGGTTGCAGCGGCCGAGCCAGGGTCTCCACCCAGGAAGGACTAATCGGGCAGGGTGTGGGGAAACAGGG
chr9	133607147	chr22	23632742	interchromosomal	7	unknown	-+	5.0	GAGTG	HWI-ST1113:353:H99R3ADXX:2:1114:3878:88045	88045	False	Concordant	1	chr22	23632535	23632634	+	100M	CTCCGGGGCTCTATGGGTTTCTGAATGTCATCGTCCACTCAGCCACTGGATTTAAGCAGAGTTCAAGTAAGTACTGGTTTGGGGCGGAGGGCTGCAGCGG	CTCCGGGGCTCTATGGGTTTCTGAATGTCATCGTCCACTCAGCCACTGGATTTAAGCAGAGTTCAAGTAAGTACTGGTTTGGGGCGGAGGGCTGCAGCGG
chr9	133607147	chr22	23632742	interchromosomal	7	unknown	-+	5.0	GAGTG	HWI-ST1113:353:H99R3ADXX:2:1114:3878:88045	88045	True	Concordant	2	chr9	133607147	133607177	-	69H31M	GAGTGGGTTTTATCAGCTTCCATACCCAAAC	GAGTGGGTTTTATCAGCTTCCATACCCAAAC
chr9	133607147	chr22	23632742	interchromosomal	7	unknown	-+	5.0	GAGTG	HWI-ST1113:353:H99R3ADXX:2:1114:3878:88045	88045	True	Concordant	2	chr22	23632669	23632742	-	74M26S	GGGCAGGGTGTGGGGAAACAGGGAGGTTGTTCAGATGACCACGGGACACCTTTGACCCTGGCCGCTGTGGAGTGGGTTTTATCAGCTTCCATACCCAAAC	GGGCAGGGTGTGGGGAAACAGGGAGGTTGTTCAGATGACCACGGGACACCTTTGACCCTGGCCGCTGTGGAGTG
chr9	133607147	chr22	23632742	interchromosomal	7	unknown	-+	5.0	GAGTG	HWI-ST1113:353:H99R3ADXX:2:1114:8967:93025	93025	True	Discordant	1	chr9	133607147	133607217	-	29S71M	ACGGGACACCTTTGACCCTGGCCGCTGTGGAGTGGGTTTTATCAGCTTCCATACCCAAACAGAAATACCCTTAAGGATTTTCTTCTCTGATTGCACTAAA	GAGTGGGTTTTATCAGCTTCCATACCCAAACAGAAATACCCTTAAGGATTTTCTTCTCTGATTGCACTAAA
chr9	133607147	chr22	23632742	interchromosomal	7	unknown	-+	5.0	GAGTG	HWI-ST1113:353:H99R3ADXX:2:1114:8967:93025	93025	True	Discordant	1	chr22	23632709	23632742	-	34M66H	ACGGGACACCTTTGACCCTGGCCGCTGTGGAGTG	ACGGGACACCTTTGACCCTGGCCGCTGTGGAGTG
chr9	133607147	chr22	23632742	interchromosomal	7	unknown	-+	5.0	GAGTG	HWI-ST1113:353:H99R3ADXX:2:1114:8967:93025	93025	False	Discordant	2	chr22	23632370	23632469	+	100M	AGTATGTTTTTGGCCCATGACACTGGCTTACCTTGTGCCAGGCAGATGGCAGCCACACAGGGTCCACCGGATGGTTGATTTTGAAGCAGAGTTAGCTTTT	AGTATGTTTTTGGCCCATGACACTGGCTTACCTTGTGCCAGGCAGATGGCAGCCACACAGGGTCCACCGGATGGTTGATTTTGAAGCAGAGTTAGCTTTT
chr9	133607147	chr22	23632742	interchromosomal	7	unknown	-+	5.0	GAGTG	HWI-ST1113:353:H99R3ADXX:2:2212:8483:98862	98862	False	Discordant	1	chr9	133607199	133607298	-	100M	CATCTCTGATTGCACTAAATCTATAGGTTTCTTTGATCCTAGAAATGAATAATAGAATATAAAGAATTCTTATTGATGAAAGAAAGCTATTTCAGGAAAC	CATCTCTGATTGCACTAAATCTATAGGTTTCTTTGATCCTAGAAATGAATAATAGAATATAAAGAATTCTTATTGATGAAAGAAAGCTATTTCAGGAAAC
chr9	133607147	chr22	23632742	interchromosomal	7	unknown	-+	5.0	GAGTG	HWI-ST1113:353:H99R3ADXX:2:2212:8483:98862	98862	True	Discordant	2	chr9	133607151	133607180	+	70H30M	GGGTTTTATCAGCTTCCATACCCAAACAGA	GGGTTTTATCAGCTTCCATACCCAAACAGA
chr9	133607147	chr22	23632742	interchromosomal	7	unknown	-+	5.0	GAGTG	HWI-ST1113:353:H99R3ADXX:2:2212:8483:98862	98862	True	Discordant	2	chr22	23632672	23632740	+	69M31S	CAGGGTGTGGGGAAACAGGGAGGTTGTTCAGATGACCACGGGACACCTTTGACCCTGGCCGCTGTGGAGGGGGTTTTATCAGCTTCCATACCCAAACAGA	CAGGGTGTGGGGAAACAGGGAGGTTGTTCAGATGACCACGGGACACCTTTGACCCTGGCCGCTGTGGAG
chr9	133607147	chr22	23632742	interchromosomal	7	unknown	-+	5.0	GAGTG	HWI-ST1113:353:H99R3ADXX:2:2215:6381:4194	4194	False	Concordant	1	chr9	133607067	133607166	-	100M	ATGCCTGGTAGAATAAGGCCTCCTGTTTTGTTCTTCAATATTGTCTTGGCTTGCTCCTTTGTATTTCCATATACATTTTAGAGTGGGTTTTATCAGCTTC	ATGCCTGGTAGAATAAGGCCTCCTGTTTTGTTCTTCAATATTGTCTTGGCTTGCTCCTTTGTATTTCCATATACATTTTAGAGTGGGTTTTATCAGCTTC
chr9	133607147	chr22	23632742	interchromosomal	7	unknown	-+	5.0	GAGTG	HWI-ST1113:353:H99R3ADXX:2:2215:6381:4194	4194	False	Concordant	2	chr9	133606727	133606826	+	100M	ACCTTAATTTTGACTTAGTCTAATTTAATCTTTTATGGTTAGTACTTTTTTTGTGGTCTGTGTAAGAAATCTTTGTGTCTACCCTAAGGTCACAAAGAAG	ACCTTAATTTTGACTTAGTCTAATTTAATCTTTTATGGTTAGTACTTTTTTTGTGGTCTGTGTAAGAAATCTTTGTGTCTACCCTAAGGTCACAAAGAAG
chr9	133607147	chr22	23632742	interchromosomal	7	unknown	-+	5.0	GAGTG	HWI-ST1113:353:H99R3ADXX:2:1211:9232:21974	21974	False	Concordant	1	chr9	133606903	133607002	+	100M	CCCTCATATTGACCTAGCTGTTTAATTGAAAAGAACATCTGCTGCTGTGTAAATCAGGTATACATGTACGTGTGGATCTGCTGGGGAACTCCTTCCTGTT	CCCTCATATTGACCTAGCTGTTTAATTGAAAAGAACATCTGCTGCTGTGTAAATCAGGTATACATGTACGTGTGGATCTGCTGGGGAACTCCTTCCTGTT
chr9	133607147	chr22	23632742	interchromosomal	7	unknown	-+	5.0	GAGTG	HWI-ST1113:353:H99R3ADXX:2:1211:9232:21974	21974	False	Concordant	2	chr9	133607120	133607219	-	100M	CTCCTTTGTATTTCCATATACATTTTAGAGTGGGTTTTATCAGCTTCCATACCCAAACAGAAATACCCTTAAGGATTTTCTTCTCTGATTGCACTAAATC	CTCCTTTGTATTTCCATATACATTTTAGAGTGGGTTTTATCAGCTTCCATACCCAAACAGAAATACCCTTAAGGATTTTCTTCTCTGATTGCACTAAATC
chr9	134155524	chr13	108661411	interchromosomal	6	unknown	++	2.0	AT	HWI-ST1113:353:H99R3ADXX:2:2107:10816:29921	29921	True	Discordant	1	chr13	108661342	108661411	+	70M30S	GAGTGAAGTATTTAGGACTTGCTTCTATTGAGGCTATTTTACCTTCCTGCTTTGTCTTGAAAATTATAATGGACTGATGCTTCCTGGTCCCTTCTCCTGC	GAGTGAAGTATTTAGGACTTGCTTCTATTGAGGCTATTTTACCTTCCTGCTTTGTCTTGAAAATTATAAT
chr9	134155524	chr13	108661411	interchromosomal	6	unknown	++	2.0	AT	HWI-ST1113:353:H99R3ADXX:2:2107:10816:29921	29921	True	Discordant	1	chr9	134155493	134155524	-	32M68H	GCAGGAGAAGGGACCAGGAAGCATCAGTCCAT	GCAGGAGAAGGGACCAGGAAGCATCAGTCCAT
chr9	134155524	chr13	108661411	interchromosomal	6	unknown	++	2.0	AT	HWI-ST1113:353:H99R3ADXX:2:2107:10816:29921	29921	False	Discordant	2	chr9	134155190	134155289	+	100M	CAGTGGGCTCCACAGATAGAGAAACCCAAAAACCCAGGGATCAGGGGATAGAGACTTCTCAGAGGCTGGATGCCAGCTCCGATCTGACCAGCTCCAAAGC	CAGTGGGCTCCACAGATAGAGAAACCCAAAAACCCAGGGATCAGGGGATAGAGACTTCTCAGAGGCTGGATGCCAGCTCCGATCTGACCAGCTCCAAAGC
chr9	134155524	chr13	108661411	interchromosomal	6	unknown	++	2.0	AT	HWI-ST1113:353:H99R3ADXX:2:1204:4029:29524	29524	False	Discordant	1	chr9	134155225	134155324	+	100M	AGGGATCAGGGGATAGAGACTTCTCAGAGGCTGGATGCCAGCTCCGATCTGACCAGCTCCAAAGCCCACATTCAGCTTCTTCACCAAGCACACCCCACTT	AGGGATCAGGGGATAGAGACTTCTCAGAGGCTGGATGCCAGCTCCGATCTGACCAGCTCCAAAGCCCACATTCAGCTTCTTCACCAAGCACACCCCACTT
chr9	134155524	chr13	108661411	interchromosomal	6	unknown	++	2.0	AT	HWI-ST1113:353:H99R3ADXX:2:1204:4029:29524	29524	True	Discordant	2	chr9	134155484	134155524	-	41M59H	TCTCAGTCTGCAGGAGAAGGGACCAAGAAGCATCAGTCCAT	TCTCAGTCTGCAGGAGAAGGGACCAAGAAGCATCAGTCCAT
chr9	134155524	chr13	108661411	interchromosomal	6	unknown	++	2.0	AT	HWI-ST1113:353:H99R3ADXX:2:1204:4029:29524	29524	True	Discordant	2	chr13	108661351	108661411	+	61M39S	ATTTAGGACTTGCTTCTATTGAGGCTATTTTACCTTCCTGCTTTGTCTTGAAAATTATAATGGACTGATGCTTCTTGGTCCCTTCTCCTGCAGACTGAGA	ATTTAGGACTTGCTTCTATTGAGGCTATTTTACCTTCCTGCTTTGTCTTGAAAATTATAAT
chr9	134155524	chr13	108661411	interchromosomal	6	unknown	++	2.0	AT	HWI-ST1113:353:H99R3ADXX:2:2206:18184:51161	51161	True	Concordant	1	chr13	108661350	108661411	-	62M38S	TATTTAGGACTTGCTTCTATTGAGGCTATTTTACCTTCCTGCTTTGTCTTGAAAATTATAATGGACTGATGCTTCCTGGTCCCTTCTCCTGCAGACTGAG	TATTTAGGACTTGCTTCTATTGAGGCTATTTTACCTTCCTGCTTTGTCTTGAAAATTATAAT
chr9	134155524	chr13	108661411	interchromosomal	6	unknown	++	2.0	AT	HWI-ST1113:353:H99R3ADXX:2:2206:18184:51161	51161	True	Concordant	1	chr9	134155485	134155524	+	40M60H	CTCAGTCTGCAGGAGAAGGGACCAGGAAGCATCAGTCCAT	CTCAGTCTGCAGGAGAAGGGACCAGGAAGCATCAGTCCAT
chr9	134155524	chr13	108661411	interchromosomal	6	unknown	++	2.0	AT	HWI-ST1113:353:H99R3ADXX:2:2206:18184:51161	51161	False	Concordant	2	chr13	108661066	108661165	+	100M	CCTTTTTGGATATGTAAATGCAATATTTTCTTCCAGAAAAAGTTTGAAGATTTTAAAAATTGTTTTCTGCTTGCTTTCTCTTTTTCTTGTTCCTCTGTTT	CCTTTTTGGATATGTAAATGCAATATTTTCTTCCAGAAAAAGTTTGAAGATTTTAAAAATTGTTTTCTGCTTGCTTTCTCTTTTTCTTGTTCCTCTGTTT
chr13	81088033	chr13	81469935	inversion	4	ecDNA	--	3.0	AAC	HWI-ST1113:353:H99R3ADXX:2:2109:19475:78137	78137	True	Discordant	1	chr13	81088033	81088097	-	35S65M	GTTAATGAAAAAAACAGAAGAATAAAGACCAAAGAAACTTTTATCCTCTCTCATGGGGTGCATTACTTTCCAGTCTGGTACATTGTCTAGAAAAGTGTCG	AACTTTTATCCTCTCTCATGGGGTGCATTACTTTCCAGTCTGGTACATTGTCTAGAAAAGTGTCG
chr13	81088033	chr13	81469935	inversion	4	ecDNA	--	3.0	AAC	HWI-ST1113:353:H99R3ADXX:2:2109:19475:78137	78137	True	Discordant	1	chr13	81469935	81469972	+	62H38M	GTTTCTTTGGTCTTTATTCTTCTGTTTTTTTCATTAAC	GTTTCTTTGGTCTTTATTCTTCTGTTTTTTTCATTAAC
chr13	81088033	chr13	81469935	inversion	4	ecDNA	--	3.0	AAC	HWI-ST1113:353:H99R3ADXX:2:2109:19475:78137	78137	False	Discordant	2	chr13	81469975	81470074	-	100M	TCACATTACATAAACTATTTATACACATACACACGGATGTTCCATATGAGTCTGAAATAAAAATGCATAATAGTTACAAAACAATTTAAAGATAAGTTAG	TCACATTACATAAACTATTTATACACATACACACGGATGTTCCATATGAGTCTGAAATAAAAATGCATAATAGTTACAAAACAATTTAAAGATAAGTTAG
chr13	81088033	chr13	81469935	inversion	4	ecDNA	--	3.0	AAC	HWI-ST1113:353:H99R3ADXX:2:2204:10689:60717	60717	False	Discordant	1	chr13	81470203	81470302	-	100M	CTCATTATCCTTTAAATGCCTGAATAATATTGATATTAGTTATTTGTAACTTGTATCTCTGTTTTAAAAAGTTTATCTATATGTCTTGCCACAGATTTAT	CTCATTATCCTTTAAATGCCTGAATAATATTGATATTAGTTATTTGTAACTTGTATCTCTGTTTTAAAAAGTTTATCTATATGTCTTGCCACAGATTTAT
chr13	81088033	chr13	81469935	inversion	4	ecDNA	--	3.0	AAC	HWI-ST1113:353:H99R3ADXX:2:2204:10689:60717	60717	True	Discordant	2	chr13	81469935	81469972	+	62H38M	GTTTCTTTGGTCTTTATTCTTCTGTTTTTTTCATTAAC	GTTTCTTTGGTCTTTATTCTTCTGTTTTTTTCATTAAC
chr13	81088033	chr13	81469935	inversion	4	ecDNA	--	3.0	AAC	HWI-ST1113:353:H99R3ADXX:2:2204:10689:60717	60717	True	Discordant	2	chr13	81088033	81088097	-	35S65M	GTTAATGAAAAAAACAGAAGAATAAAGACCAAAGAAACTTTTATCCTCTCTCATGGGGTGCATTACTTTCCAGTCTGGTACATTGTCTAGAAAAGTGTCG	AACTTTTATCCTCTCTCATGGGGTGCATTACTTTCCAGTCTGGTACATTGTCTAGAAAAGTGTCG
chr13	81088033	chr13	81469935	inversion	4	ecDNA	--	3.0	AAC	HWI-ST1113:353:H99R3ADXX:2:2204:3704:15030	15030	True	Discordant	1	chr13	81469984	81470036	+	53M47S	ATAAACTATTTATACACATACACACGGATGTTCCATATGAGTCTGAAATAAAAGTAATAAATCTGTGGCAAGACATATAGATAAACTTTTTAAAACAGAG	ATAAACTATTTATACACATACACACGGATGTTCCATATGAGTCTGAAATAAAA
chr13	81088033	chr13	81469935	inversion	4	ecDNA	--	3.0	AAC	HWI-ST1113:353:H99R3ADXX:2:2204:3704:15030	15030	True	Discordant	1	chr13	81470259	81470311	-	53M47H	CTCTGTTTTAAAAAGTTTATCTATATGTCTTGCCACAGATTTATTACTTTTAT	CTCTGTTTTAAAAAGTTTATCTATATGTCTTGCCACAGATTTATTACTTTTAT
chr13	81088033	chr13	81469935	inversion	4	ecDNA	--	3.0	AAC	HWI-ST1113:353:H99R3ADXX:2:2204:3704:15030	15030	False	Discordant	2	chr13	81470063	81470162	+	100M	AAGATAAGTTAGATGGTCAAATAGTAGAATGATTAATGAATTTGTAGGACTATTCAGTTTTTCTTTTTCATTTCATTTTTAAAGTTGTACTTGCCTAGCA	AAGATAAGTTAGATGGTCAAATAGTAGAATGATTAATGAATTTGTAGGACTATTCAGTTTTTCTTTTTCATTTCATTTTTAAAGTTGTACTTGCCTAGCA
chr13	81109414	chr13	90438707	deletion-like	3	ecDNA	+-	3.0	TGG	HWI-ST1113:353:H99R3ADXX:2:2211:17685:53350	53350	True	Discordant	1	chr13	90438707	90438771	-	35S65M	CTGTCACTGACTGAATTAATTTTACCTCATATGTCTGGGCAAAATCTTAAGCTCAGTTTTTTAACTTTATTTTTGGTCCATCTTGATTATAATTCTATTT	TGGGCAAAATCTTAAGCTCAGTTTTTTAACTTTATTTTTGGTCCATCTTGATTATAATTCTATTT
chr13	81109414	chr13	90438707	deletion-like	3	ecDNA	+-	3.0	TGG	HWI-ST1113:353:H99R3ADXX:2:2211:17685:53350	53350	True	Discordant	1	chr13	81109377	81109414	-	38M62H	CTGTCACTGACTGAATTAATTTTACCTCATATGTCTGG	CTGTCACTGACTGAATTAATTTTACCTCATATGTCTGG
chr13	81109414	chr13	90438707	deletion-like	3	ecDNA	+-	3.0	TGG	HWI-ST1113:353:H99R3ADXX:2:2211:17685:53350	53350	False	Discordant	2	chr13	81109329	81109414	+	86M14S	GTGCCTATGTGTTTATCTCCACAGTGCAATGTATTGGTTACATAATAGCTGTCACTGACTGAATTAATTTTACCTCATATGTCTGGGCAAAATCTTAAGC	GTGCCTATGTGTTTATCTCCACAGTGCAATGTATTGGTTACATAATAGCTGTCACTGACTGAATTAATTTTACCTCATATGTCTGG
chr13	81109414	chr13	90438707	deletion-like	3	ecDNA	+-	3.0	TGG	HWI-ST1113:353:H99R3ADXX:2:1110:4050:84698	84698	False	Discordant	1	chr13	90438754	90438853	-	100M	TTGATTATAATTCTATTTTGCATGGGCCTTGTGAGTTCCAGGTACCTATATAGTGCCATGATATTACCATAATGTGTAGCTAGGTCTCAGGACAGGGCAA	TTGATTATAATTCTATTTTGCATGGGCCTTGTGAGTTCCAGGTACCTATATAGTGCCATGATATTACCATAATGTGTAGCTAGGTCTCAGGACAGGGCAA
chr13	81109414	chr13	90438707	deletion-like	3	ecDNA	+-	3.0	TGG	HWI-ST1113:353:H99R3ADXX:2:1110:4050:84698	84698	True	Discordant	2	chr13	90438707	90438746	+	60H40M	TGGGCAAAATCTTAAGCTCAGTTTTTTAACTTTATTTTTG	TGGGCAAAATCTTAAGCTCAGTTTTTTAACTTTATTTTTG
chr13	81109414	chr13	90438707	deletion-like	3	ecDNA	+-	3.0	TGG	HWI-ST1113:353:H99R3ADXX:2:1110:4050:84698	84698	True	Discordant	2	chr13	81109352	81109414	+	63M37S	GTGCAATGTATTGGTTACATAATAGCTGTCACTGACTGAATTAATTTTACCTCATATGTCTGGGCAAAATCTTAAGCTCAGTTTTTTAACTTTATTTTTG	GTGCAATGTATTGGTTACATAATAGCTGTCACTGACTGAATTAATTTTACCTCATATGTCTGG
chr13	81109414	chr13	90438707	deletion-like	3	ecDNA	+-	3.0	TGG	HWI-ST1113:353:H99R3ADXX:2:2215:4845:52222	52222	False	Concordant	1	chr13	81109192	81109291	-	100M	TCTGCAGCAATAGATGACTAGAACTGGCTTTTCTTCCCCTTGACATCACATTGTCTTTTAAGGCAGGAGTCATGTCCAATGCAATGTGTGTGTGTGTGTG	TCTGCAGCAATAGATGACTAGAACTGGCTTTTCTTCCCCTTGACATCACATTGTCTTTTAAGGCAGGAGTCATGTCCAATGCAATGTGTGTGTGTGTGTG
chr13	81109414	chr13	90438707	deletion-like	3	ecDNA	+-	3.0	TGG	HWI-ST1113:353:H99R3ADXX:2:2215:4845:52222	52222	False	Concordant	2	chr13	81108974	81109073	+	100M	TTAAGACTTTCAAGTGGGGAGACACTGACAGTATCAGAGTCCCACATATGGGACCCACCATCTTGAACCCTGCAGCTCCAGTCAAGCCACCCTAGCCAAC	TTAAGACTTTCAAGTGGGGAGACACTGACAGTATCAGAGTCCCACATATGGGACCCACCATCTTGAACCCTGCAGCTCCAGTCAAGCCACCCTAGCCAAC
chr13	81109414	chr13	90438707	deletion-like	3	ecDNA	+-	3.0	TGG	HWI-ST1113:353:H99R3ADXX:2:1207:14349:18955	18955	False	Concordant	1	chr13	81109198	81109297	-	100M	GCAATAGATGACTAGAACTGGCTTTTCTTCCCCTTGACATCACATTGTCTTTTAAGGCAGGAGTCATGTCCAATGCAATGTGTGTGTGTGTGTGTGTGTG	GCAATAGATGACTAGAACTGGCTTTTCTTCCCCTTGACATCACATTGTCTTTTAAGGCAGGAGTCATGTCCAATGCAATGTGTGTGTGTGTGTGTGTGTG
chr13	81109414	chr13	90438707	deletion-like	3	ecDNA	+-	3.0	TGG	HWI-ST1113:353:H99R3ADXX:2:1207:14349:18955	18955	False	Concordant	2	chr13	81109063	81109162	+	100M	CCCTAGCCAACCCTATATAAAGCAAGAGCTGAGCTGTCTTCTATGAGCCTTGCTTAGATTCCTGGCCTGCAGAATTGTGAGTAATGAAATGGCTGTTGTT	CCCTAGCCAACCCTATATAAAGCAAGAGCTGAGCTGTCTTCTATGAGCCTTGCTTAGATTCCTGGCCTGCAGAATTGTGAGTAATGAAATGGCTGTTGTT
chr13	81470036	chr13	81470311	foldback	3	ecDNA	++	6.0	ATAAAA	HWI-ST1113:353:H99R3ADXX:2:1205:2350:63607	63607	False	Concordant	1	chr13	81469587	81469686	+	100M	CAAGAATTCTAGCAGGGCCTGTTTGTTCAGGTTCTTCTTGGCCTCTCTGTACAGAATTTCTTCCTCCCACGTATGGGGTAGGACTCCTCTGAAATGAGGG	CAAGAATTCTAGCAGGGCCTGTTTGTTCAGGTTCTTCTTGGCCTCTCTGTACAGAATTTCTTCCTCCCACGTATGGGGTAGGACTCCTCTGAAATGAGGG
chr13	81470036	chr13	81470311	foldback	3	ecDNA	++	6.0	ATAAAA	HWI-ST1113:353:H99R3ADXX:2:1205:2350:63607	63607	False	Concordant	2	chr13	81469729	81469828	-	100M	AAAATTCAGAGTAATATTTTTAGGCTTGATAGCTGACTTTAGGGAAAAATGATTTTAGTTTCTATGACTTGCCTCAGGCATGGATGAGGGGTAAGAGACA	AAAATTCAGAGTAATATTTTTAGGCTTGATAGCTGACTTTAGGGAAAAATGATTTTAGTTTCTATGACTTGCCTCAGGCATGGATGAGGGGTAAGAGACA
chr13	81470036	chr13	81470311	foldback	3	ecDNA	++	6.0	ATAAAA	HWI-ST1113:353:H99R3ADXX:2:2111:6933:50453	50453	False	Concordant	1	chr13	81469590	81469689	+	100M	GAATTCTAGCAGGGCCTGTTTGTTCAGGTTCTTCTTGGCCTCTCTGTACAGAATTTCTTCCTCCCACGTATGGGGTAGGACTCCTCTGAAATGAGGGTCT	GAATTCTAGCAGGGCCTGTTTGTTCAGGTTCTTCTTGGCCTCTCTGTACAGAATTTCTTCCTCCCACGTATGGGGTAGGACTCCTCTGAAATGAGGGTCT
chr13	81470036	chr13	81470311	foldback	3	ecDNA	++	6.0	ATAAAA	HWI-ST1113:353:H99R3ADXX:2:2111:6933:50453	50453	False	Concordant	2	chr13	81469941	81470040	-	100M	TTGGTCTTTATTCTTCTGTTTTTTTCATTAACTGTCACATTACATAAACTATTTATACACATACACACGGATGTTCCATATGAGTCTGAAATAAAAATGC	TTGGTCTTTATTCTTCTGTTTTTTTCATTAACTGTCACATTACATAAACTATTTATACACATACACACGGATGTTCCATATGAGTCTGAAATAAAAATGC
chr13	90862774	chr13	90864807	deletion-like	3	ecDNA	+-			HWI-ST1113:353:H99R3ADXX:2:2116:5449:58267	58267	True	Discordant	1	chr13	90864807	90864869	-	38S24M1D38M	TGTAACGCTGATCATGGGTTCCTTTCTCAGCCCAGTCCAAATGCTGCTTCTTTTTCCAAATATTTTAGAAAAATTTTCAAATATGTAGCATAGTTGAAAT	AAATGCTGCTTCTTTTTCCAAATATTTTAGAAAAATTTTCAAATATGTAGCATAGTTGAAAT
chr13	90862774	chr13	90864807	deletion-like	3	ecDNA	+-			HWI-ST1113:353:H99R3ADXX:2:2116:5449:58267	58267	True	Discordant	1	chr13	90862814	90862855	-	42M58H	TGTAACGCTGATCATGGGTTCCTTTCTCAGCCCAGTCCAAAT	TGTAACGCTGATCATGGGTTCCTTTCTCAGCCCAGTCCAAAT
chr13	90862774	chr13	90864807	deletion-like	3	ecDNA	+-			HWI-ST1113:353:H99R3ADXX:2:2116:5449:58267	58267	False	Discordant	2	chr13	90862539	90862638	+	100M	ACCCCATTCTAAGATGATGAAACTGAGAATTGGAAAGCTTGATTAATTAGCCCAAGTAATCTACCTTGCTACTGATGGAGACAAGACTCCTATCCAGATC	ACCCCATTCTAAGATGATGAAACTGAGAATTGGAAAGCTTGATTAATTAGCCCAAGTAATCTACCTTGCTACTGATGGAGACAAGACTCCTATCCAGATC
chr13	92474011	chr13	92475758	foldback	3		++	2.0	AA	HWI-ST1113:353:H99R3ADXX:2:1202:14027:57596	57596	True	Concordant	1	chr13	92473942	92474011	-	70M30S	AGACGTAATGTGATTTCTTCTAATCTATTCATATGATTATTATATTAATGGATGCTAACTAATCATCAAATTCTTTAAGTTGAAGTGGGAGCATTAATTT	AGACGTAATGTGATTTCTTCTAATCTATTCATATGATTATTATATTAATGGATGCTAACTAATCATCAAA
chr13	92474011	chr13	92475758	foldback	3		++	2.0	AA	HWI-ST1113:353:H99R3ADXX:2:1202:14027:57596	57596	True	Concordant	1	chr13	92475727	92475758	+	32M68H	AAATTAATGCTCCCACTTCAACTTAAAGAATT	AAATTAATGCTCCCACTTCAACTTAAAGAATT
chr13	92474011	chr13	92475758	foldback	3		++	2.0	AA	HWI-ST1113:353:H99R3ADXX:2:1202:14027:57596	57596	False	Concordant	2	chr13	92473859	92473958	+	100M	TTTCCCTCTATTTTTAGTTTGCTAAGAATTTTTTAATGAATGGATATTGAATTTTATCATATGGATTTTCTCAATCTATTGGAAGACGTAATGTGATTTC	TTTCCCTCTATTTTTAGTTTGCTAAGAATTTTTTAATGAATGGATATTGAATTTTATCATATGGATTTTCTCAATCTATTGGAAGACGTAATGTGATTTC
chr13	92474011	chr13	92475758	foldback	3		++	2.0	AA	HWI-ST1113:353:H99R3ADXX:2:1213:5110:83594	83594	False	Discordant	1	chr13	92475630	92475729	+	100M	TGTTTGTTTGATGCTCCACAGATGTGAAATATGGATCAACAGACTCCTCATGACCAATCATAAATTAGAGTAAAATTACCAAAGAGTATGTGAAAGTAAA	TGTTTGTTTGATGCTCCACAGATGTGAAATATGGATCAACAGACTCCTCATGACCAATCATAAATTAGAGTAAAATTACCAAAGAGTATGTGAAAGTAAA
chr13	92474011	chr13	92475758	foldback	3		++	2.0	AA	HWI-ST1113:353:H99R3ADXX:2:1213:5110:83594	83594	True	Discordant	2	chr13	92475722	92475758	-	37M63H	AAAGTAAATTAATGCTCCCACTTCAACTTAAAGAATT	AAAGTAAATTAATGCTCCCACTTCAACTTAAAGAATT
chr13	92474011	chr13	92475758	foldback	3		++	2.0	AA	HWI-ST1113:353:H99R3ADXX:2:1213:5110:83594	83594	True	Discordant	2	chr13	92473947	92474011	+	65M35S	TAATGTGATTTCTTCTAATCTATTCATATGATTATTATATTAATGGATGCTAACTAATCATCAAATTCTTTAAGTTGAAGTGGGAGCATTAATTTACTTT	TAATGTGATTTCTTCTAATCTATTCATATGATTATTATATTAATGGATGCTAACTAATCATCAAA
chr13	92474011	chr13	92475758	foldback	3		++	2.0	AA	HWI-ST1113:353:H99R3ADXX:2:2104:4819:86767	86767	False	Concordant	1	chr13	92473569	92473668	+	100M	GTTTATATCCAGCAACCTTGTTAAACATCGTAATCTGTCCTAGACGTTTACTTTACATTCCTTGGCATATTATTGTATTGTCTAGGAAAAAGGCTCTTCC	GTTTATATCCAGCAACCTTGTTAAACATCGTAATCTGTCCTAGACGTTTACTTTACATTCCTTGGCATATTATTGTATTGTCTAGGAAAAAGGCTCTTCC
chr13	92474011	chr13	92475758	foldback	3		++	2.0	AA	HWI-ST1113:353:H99R3ADXX:2:2104:4819:86767	86767	False	Concordant	2	chr13	92473998	92474097	-	100M	AACTAATCATCAAAACTCCAAATCCTACTTAGACATTACATGTGATCCTTTTTATATATTGATAAAATCAATTTATTAATATTTTTATAGGATTTCTGTA	AACTAATCATCAAAACTCCAAATCCTACTTAGACATTACATGTGATCCTTTTTATATATTGATAAAATCAATTTATTAATATTTTTATAGGATTTCTGTA
chr13	94023408	chr13	108500973	deletion-like	3	unknown	+-			HWI-ST1113:353:H99R3ADXX:2:2105:6521:62556	62556	False	Discordant	1	chr13	108500982	108501081	-	100M	AAATTCCCTAAGCATCCTCTGTGTCTCTCCGTGGCACTTCATGTTCAGCCTCAAACTGTATCTACAACCTGTCCATAGGCAATTACCTTTTGGAAACATA	AAATTCCCTAAGCATCCTCTGTGTCTCTCCGTGGCACTTCATGTTCAGCCTCAAACTGTATCTACAACCTGTCCATAGGCAATTACCTTTTGGAAACATA
chr13	94023408	chr13	108500973	deletion-like	3	unknown	+-			HWI-ST1113:353:H99R3ADXX:2:2105:6521:62556	62556	True	Discordant	2	chr13	108500973	108501011	+	61H39M	ATCTATCCTAAATTCCCTAAGCATCCTCTGTGTCTCTCC	ATCTATCCTAAATTCCCTAAGCATCCTCTGTGTCTCTCC
chr13	94023408	chr13	108500973	deletion-like	3	unknown	+-			HWI-ST1113:353:H99R3ADXX:2:2105:6521:62556	62556	True	Discordant	2	chr13	94023348	94023408	+	61M39S	GTTGTATTCTGATTTTGAAAACTAGGTTGAAATGTAACATAGTTCTTGACATATGCATTTTATCTATCCTAAATTCCCTAAGCATCCTCTGTGTCTCTCC	GTTGTATTCTGATTTTGAAAACTAGGTTGAAATGTAACATAGTTCTTGACATATGCATTTT
chr13	94023408	chr13	108500973	deletion-like	3	unknown	+-			HWI-ST1113:353:H99R3ADXX:2:2105:1359:26096	26096	False	Concordant	1	chr13	108501077	108501148	+	72M28S	ACATAATATTTCTCATAACTCTTCAAATGAAAAATTGTGCAAAATGTCTGACCGGTCAAATTTGAAACTAAAGGAGTAAATGGAAAAGGTGGGGGAAATT	ACATAATATTTCTCATAACTCTTCAAATGAAAAATTGTGCAAAATGTCTGACCGGTCAAATTTGAAACTAAA
chr13	94023408	chr13	108500973	deletion-like	3	unknown	+-			HWI-ST1113:353:H99R3ADXX:2:2105:1359:26096	26096	True	Concordant	2	chr13	108501077	108501113	+	37M63H	ACATAATATTTCTCATAACTCTTCAAATGAAAAATTG	ACATAATATTTCTCATAACTCTTCAAATGAAAAATTG
chr13	94023408	chr13	108500973	deletion-like	3	unknown	+-			HWI-ST1113:353:H99R3ADXX:2:2105:1359:26096	26096	True	Concordant	2	chr13	108501205	108501274	-	70M30S	CAGCATTACCGACCTGACAGGAAAAGAATTCAGTCAAATACACGAGGCCACATAGGTTTATTTCAATTTTTCATTTGAAGAGTTATGAGAAATATTATGT	CAGCATTACCGACCTGACAGGAAAAGAATTCAGTCAAATACACGAGGCCACATAGGTTTATTTCAATTTT
chr22	18953123	chr22	22935374	inversion	5	unknown	--			HWI-ST1113:353:H99R3ADXX:2:2111:2083:14734	14734	False	Discordant	1	chr22	22935594	22935693	-	100M	TCATGAGGGTGGGTTCTTATCCAGTCTGACTGGTGTTCTCCTTAGAAGAGAAAATTTGCACACACAGAAATCAGACACCAGAGATGAGCAGGCGGAGGAA	TCATGAGGGTGGGTTCTTATCCAGTCTGACTGGTGTTCTCCTTAGAAGAGAAAATTTGCACACACAGAAATCAGACACCAGAGATGAGCAGGCGGAGGAA
chr22	18953123	chr22	22935374	inversion	5	unknown	--			HWI-ST1113:353:H99R3ADXX:2:2111:2083:14734	14734	True	Discordant	2	chr22	22935374	22935405	+	68H32M	TTGGGTCTCAGAGTTTGTGCTGAGTTAGTTAA	TTGGGTCTCAGAGTTTGTGCTGAGTTAGTTAA
chr22	18953123	chr22	22935374	inversion	5	unknown	--			HWI-ST1113:353:H99R3ADXX:2:2111:2083:14734	14734	True	Discordant	2	chr22	18953123	18953190	-	32S68M	TTAACTAACTCAGCACAAACTCTGAGACCCAATCCATCTGGGAAACGGAACAAACCTGCATGCCGCATGGATCATGGTGGCCCAGAGTGGGGTGCCCAGG	TCCATCTGGGAAACGGAACAAACCTGCATGCCGCATGGATCATGGTGGCCCAGAGTGGGGTGCCCAGG
chr22	18953123	chr22	22935374	inversion	5	unknown	--			HWI-ST1113:353:H99R3ADXX:2:1216:2474:23637	23637	False	Concordant	1	chr22	18952769	18952868	-	100M	CAGAGCCCCAAGGACTTGGTCTGAGTCACCATGGCAGAATGTGGGGTGCTAGGTGGGCTCTTCCCAGTCACCCCTGTCGGCTTCAAGTGACCACACGGCA	CAGAGCCCCAAGGACTTGGTCTGAGTCACCATGGCAGAATGTGGGGTGCTAGGTGGGCTCTTCCCAGTCACCCCTGTCGGCTTCAAGTGACCACACGGCA
chr22	18953123	chr22	22935374	inversion	5	unknown	--			HWI-ST1113:353:H99R3ADXX:2:1216:2474:23637	23637	False	Concordant	2	chr22	18952696	18952795	+	100M	CAGGCTCTGCTGGCCCCACCCTGCACAGCTCCCTGTCCCATGGCTCTCAGAGGCAGAGCCACTGGCTGGGGGGCAGAGCCCCAAGGACTTTGTCTGAGTC	CAGGCTCTGCTGGCCCCACCCTGCACAGCTCCCTGTCCCATGGCTCTCAGAGGCAGAGCCACTGGCTGGGGGGCAGAGCCCCAAGGACTTTGTCTGAGTC
