	break_chrom1	break_pos1	break_chrom2	break_pos2	break_orientation	AA_homology_len	AA_homology_seq	query_name	query_short	split	proper_pair	read_num	query_chrom	query_pos	query_end	query_orientation	query_cigar	query_aln_sub
13	chr9	133607147	chr22	23632742	-+	5.0	GAGTG	HWI-ST1113:353:H99R3ADXX:2:2212:8483:98862	98862	True	Discordant	2	chr9	133607151	133607180	+	70H30M	GGGTTTTATCAGCTTCCATACCCAAACAGA
14	chr9	133607147	chr22	23632742	-+	5.0	GAGTG	HWI-ST1113:353:H99R3ADXX:2:2212:8483:98862	98862	True	Discordant	2	chr22	23632672	23632740	+	69M31S	CAGGGTGTGGGGAAACAGGGAGGTTGTTCAGATGACCACGGGACACCTTTGACCCTGGCCGCTGTGGAG
80	chr9	133607147	chr22	23632742	-+	5.0	GAGTG	HWI-ST1113:353:H99R3ADXX:2:1115:16416:31425	31425	False	Concordant	2	chr22	23632371	23632458	+	12S88M	GTATGTTTTTAGCCAAAGACACTCGCTTACCTTGTGCCAGGCAGATGGAAGCCCCATAGTGTCCACCGGAAGGGTGATTTTTAAGCAG
152	chr9	134155524	chr13	108661411	++	2.0	AT	HWI-ST1113:353:H99R3ADXX:2:2109:4740:80488	80488	False	Concordant	1	chr9	134155367	134155426	+	40S60M	ACTAGGAAGTCCTACCAACAGAGGCGTAGGAGCGCCCACATGCAGAGCACTTGCAAAGTA
153	chr9	134155524	chr13	108661411	++	2.0	AT	HWI-ST1113:353:H99R3ADXX:2:2109:4740:80488	80488	False	Concordant	2	chr9	134155452	134155515	-	64M36S	CCCCCTTGACATCACCAAAGCCCAGGACGTCATCTCAGTCTGCCGGAGAAGGGACCAGGAAGCA
192	chr13	81088033	chr13	81469935	--	3.0	AAC	HWI-ST1113:353:H99R3ADXX:2:2204:3704:15030	15030	True	Discordant	1	chr13	81469984	81470036	+	53M47S	ATAAACTATTTATACACATACACACGGATGTTCCATATGAGTCTGAAATAAAA
193	chr13	81088033	chr13	81469935	--	3.0	AAC	HWI-ST1113:353:H99R3ADXX:2:2204:3704:15030	15030	True	Discordant	1	chr13	81470259	81470311	-	53M47H	CTCTGTTTTAAAAAGTTTATCTATATGTCTTGCCACAGATTTATTACTTTTAT
231	chr13	81088033	chr13	81469935	--	3.0	AAC	HWI-ST1113:353:H99R3ADXX:2:1203:15872:69813	69813	False	Discordant	1	chr13	81470218	81470311	+	94M6S	ATGCCTGAATAATATTGATATTAGTTATTTGTAACTTGTATCTCTGTTTTAAAAAGTTTATCTATATGTCTTGCCACAGATTTATTACTTTTAT
241	chr13	81088033	chr13	81469935	--	3.0	AAC	HWI-ST1113:353:H99R3ADXX:2:1213:17970:31423	31423	False	Concordant	1	chr13	81469796	81469870	+	75M25S	CTTGCCTCATGCCTGGATGAGGGGTAAGAGACAGGAAACAGGAGGGCAGGAGATTGTCAGAGAGAAACTGCTTTT
274	chr13	81109414	chr13	90438707	+-	3.0	TGG	HWI-ST1113:353:H99R3ADXX:2:1105:1237:14946	14946	False	Concordant	2	chr13	81109280	81109377	+	2S98M	TGTGTGTGTGTGTGTGTGTGTGTGTGTGTGTGTGTGTGCGCGTGCCCATGTGCCTATGTGTTTATCTCCACAGTGCAATGTATTGGTTACATAATAGC
293	chr13	81470036	chr13	81470311	++	6.0	ATAAAA	HWI-ST1113:353:H99R3ADXX:2:2109:19475:78137	78137	True	Discordant	1	chr13	81088033	81088097	-	35S65M	AACTTTTATCCTCTCTCATGGGGTGCATTACTTTCCAGTCTGGTACATTGTCTAGAAAAGTGTCG
294	chr13	81470036	chr13	81470311	++	6.0	ATAAAA	HWI-ST1113:353:H99R3ADXX:2:2109:19475:78137	78137	True	Discordant	1	chr13	81469935	81469972	+	62H38M	GTTTCTTTGGTCTTTATTCTTCTGTTTTTTTCATTAAC
297	chr13	81470036	chr13	81470311	++	6.0	ATAAAA	HWI-ST1113:353:H99R3ADXX:2:2204:10689:60717	60717	True	Discordant	2	chr13	81469935	81469972	+	62H38M	GTTTCTTTGGTCTTTATTCTTCTGTTTTTTTCATTAAC
298	chr13	81470036	chr13	81470311	++	6.0	ATAAAA	HWI-ST1113:353:H99R3ADXX:2:2204:10689:60717	60717	True	Discordant	2	chr13	81088033	81088097	-	35S65M	AACTTTTATCCTCTCTCATGGGGTGCATTACTTTCCAGTCTGGTACATTGTCTAGAAAAGTGTCG
326	chr13	81470036	chr13	81470311	++	6.0	ATAAAA	HWI-ST1113:353:H99R3ADXX:2:1213:17970:31423	31423	False	Concordant	1	chr13	81469796	81469870	+	75M25S	CTTGCCTCATGCCTGGATGAGGGGTAAGAGACAGGAAACAGGAGGGCAGGAGATTGTCAGAGAGAAACTGCTTTT
343	chr13	90862774	chr13	90864807	+-			HWI-ST1113:353:H99R3ADXX:2:2116:5449:58267	58267	True	Discordant	1	chr13	90862814	90862855	-	42M58H	TGTAACGCTGATCATGGGTTCCTTTCTCAGCCCAGTCCAAAT
422	chr13	94023408	chr13	108500973	+-			HWI-ST1113:353:H99R3ADXX:2:2105:1359:26096	26096	False	Concordant	1	chr13	108501077	108501148	+	72M28S	ACATAATATTTCTCATAACTCTTCAAATGAAAAATTGTGCAAAATGTCTGACCGGTCAAATTTGAAACTAAA
423	chr13	94023408	chr13	108500973	+-			HWI-ST1113:353:H99R3ADXX:2:2105:1359:26096	26096	True	Concordant	2	chr13	108501077	108501113	+	37M63H	ACATAATATTTCTCATAACTCTTCAAATGAAAAATTG
424	chr13	94023408	chr13	108500973	+-			HWI-ST1113:353:H99R3ADXX:2:2105:1359:26096	26096	True	Concordant	2	chr13	108501205	108501274	-	70M30S	CAGCATTACCGACCTGACAGGAAAAGAATTCAGTCAAATACACGAGGCCACATAGGTTTATTTCAATTTT
501	chr22	18953123	chr22	22935374	--			HWI-ST1113:353:H99R3ADXX:2:1101:1348:56869	56869	False	Concordant	2	chr22	22934770	22934839	+	70M30S	GTGGGCAATCTAAAAAAAAAAAAAAAAATGGGTTCCAAATGGGGAGCCCAGGCTGGAGGGCGGTGGCTCC
583	chr22	20950574	chr22	20953842	+-			HWI-ST1113:353:H99R3ADXX:2:2202:4117:32647	32647	True	Discordant	2	chr22	20950585	20950623	-	39M61H	ATGCTAATTACTTCTGAAAACACCCTCACACACATGCCC
584	chr22	20950574	chr22	20953842	+-			HWI-ST1113:353:H99R3ADXX:2:2202:4117:32647	32647	True	Discordant	2	chr3	64471146	64471207	-	38S62M	CTAATTTTTTGTATTTTTAGTAGAGATGGGGTTTCACCATGTTGCTCAGGCTGGTCTCAAAC
703	chr22	23049708	chr22	23108070	+-			HWI-ST1113:353:H99R3ADXX:2:1115:14945:3472	3472	False	Concordant	1	chr22	23049741	23049838	-	98M2S	TCACTGGTTCTGATCTTATTCTATGAGGGATTTGGTCAAGCCCTCAGTATCTGCTTCAGTGATGTAAGTGTGCACCTACTGCCATAGCATTGTGTTCC
707	chr22	23049708	chr22	23108070	+-			HWI-ST1113:353:H99R3ADXX:2:2214:16675:34601	34601	False	Concordant	1	chr22	23049872	23049960	-	89M11S	GCCACTATTGCCCATCTGGGTCTGTACAAATCCAAATTCATCTTCCAGGATCATTCAACTATTGTAGAGATCAGTCCAGTAAACTGAAA
723	chr22	23049708	chr22	23108070	+-			HWI-ST1113:353:H99R3ADXX:2:2207:15138:17722	17722	False	Concordant	1	chr22	23049783	23049839	-	43S57M	CTCAGTATCTGCTTCAGTGATGTAACTGTGCACCTGCAGCCATAGCATTCTGTTCCA
724	chr22	23049708	chr22	23108070	+-			HWI-ST1113:353:H99R3ADXX:2:2207:15138:17722	17722	False	Concordant	2	chr22	23049783	23049838	+	56M44S	CTCAGTATCTGCTTCAGTGATGTAACTGTGCACCTGCAGCCATAGCATTCTGTTCC
729	chr22	23049708	chr22	23108070	+-			HWI-ST1113:353:H99R3ADXX:2:1205:7524:27786	27786	False	Concordant	1	chr22	23050209	23050259	-	51M49S	CATTTTGTCCACAATGCCCAAAGTTTCTAAATAGCTGTCTAATAGATAGAG
791	chr22	23049708	chr22	23108070	+-			HWI-ST1113:353:H99R3ADXX:2:1201:5750:80022	80022	False	Concordant	1	chr22	23107953	23108047	+	5S95M	AATAGACAAGACCTCAGTATCTGCTTCAGTGATGTAACTGTGCACCTGCAGCCATAGCATTCTGTTCCAGGAGATCCCCATCTGGCACAGATATT
806	chr22	23049708	chr22	23108070	+-			HWI-ST1113:353:H99R3ADXX:2:1207:11402:29576	29576	False	Concordant	2	chr22	23108496	23108590	-	5S95M	ACATTTTTACTGTACTTACTGCCGCTTAATTACACACTTAAAAATGATTAAAAGGATGAAACATTTTGTTATGTTTATTTTACCATAATAAAAAT
811	chr22	23049708	chr22	23108070	+-			HWI-ST1113:353:H99R3ADXX:2:2202:11638:44476	44476	False	Concordant	1	chr22	23108574	23108661	-	88M12S	TTTACCATAATAAAAATATTGCATGCTCAGGAAGCAAAGTAATACTAGTTTAATTCTGAAATCACACAACTGGTAAAAATGGAAAGAA
813	chr22	23049708	chr22	23108070	+-			HWI-ST1113:353:H99R3ADXX:2:2115:15233:20944	20944	False	Concordant	1	chr22	23108346	23108442	+	97M3S	CCGTCTTTGGTTCATCCTTGGGATTTTCTTTTTATCACACACTCGTCATTTTGTCCACAATGCCCAAAGTTTCTAAATAGCTGTCTAATAGATAGAG
814	chr22	23049708	chr22	23108070	+-			HWI-ST1113:353:H99R3ADXX:2:2115:15233:20944	20944	False	Concordant	2	chr22	23108662	23108753	-	8S92M	AAGCACCATTTTCTCTGTTCTATATGCTACAACTCAACTTTCTCTCTCTCTCTCTTTCTCTAATTAACAATGATATCCTGTCTGGTCCAAGG
849	chr22	23049911	chr22	23107859	-+			HWI-ST1113:353:H99R3ADXX:2:1115:14945:3472	3472	False	Concordant	1	chr22	23049741	23049838	-	98M2S	TCACTGGTTCTGATCTTATTCTATGAGGGATTTGGTCAAGCCCTCAGTATCTGCTTCAGTGATGTAAGTGTGCACCTACTGCCATAGCATTGTGTTCC
850	chr22	23049911	chr22	23107859	-+			HWI-ST1113:353:H99R3ADXX:2:1115:14945:3472	3472	False	Concordant	2	chr22	23049652	23049749	+	98M2S	CATGATGATAGCATGATAGAGATAAAAGAGGTAATGATGCTAGTCGGTGAAAGTAGGAATGTATACTGCCGTCCATTCCCCCTGAATACACACTGATT
857	chr22	23049911	chr22	23107859	-+			HWI-ST1113:353:H99R3ADXX:2:1206:8351:29318	29318	False	Concordant	1	chr22	23049707	23049801	+	95M5S	TGAATGTATACTGTTGTCCATTCCACCTGAATGCACACTGATTCTGATCCTATTCTCTGAGGGAAATAGACAAGACCTCAGTATCTGCTTCAGTG
871	chr22	23049911	chr22	23107859	-+			HWI-ST1113:353:H99R3ADXX:2:2207:15138:17722	17722	False	Concordant	1	chr22	23049783	23049839	-	43S57M	CTCAGTATCTGCTTCAGTGATGTAACTGTGCACCTGCAGCCATAGCATTCTGTTCCA
872	chr22	23049911	chr22	23107859	-+			HWI-ST1113:353:H99R3ADXX:2:2207:15138:17722	17722	False	Concordant	2	chr22	23049783	23049838	+	56M44S	CTCAGTATCTGCTTCAGTGATGTAACTGTGCACCTGCAGCCATAGCATTCTGTTCC
877	chr22	23049911	chr22	23107859	-+			HWI-ST1113:353:H99R3ADXX:2:1205:7524:27786	27786	False	Concordant	1	chr22	23050209	23050259	-	51M49S	CATTTTGTCCACAATGCCCAAAGTTTCTAAATAGCTGTCTAATAGATAGAG
898	chr22	23049911	chr22	23107859	-+			HWI-ST1113:353:H99R3ADXX:2:1203:5002:3502	3502	False	Concordant	2	chr22	23050279	23050361	-	17S83M	AAAAGCTCTGGGGTTGGATAGTGGTGATGTTTGCACAACATTTTTACTGTACTTACTGCTGCTTAATTACACACTTAAAAATG
905	chr22	23049911	chr22	23107859	-+			HWI-ST1113:353:H99R3ADXX:2:2211:4394:87178	87178	False	Concordant	1	chr22	23050279	23050354	-	24S76M	AAAAGCTCTGGGGTTGGATAGTGGTGATGTTTGCACAACATTTTTACTGTACTTACTGCTGCTTAATTACACACTT
906	chr22	23049911	chr22	23107859	-+			HWI-ST1113:353:H99R3ADXX:2:2211:4394:87178	87178	False	Concordant	2	chr22	23050210	23050259	+	50M50S	ATTTTGTCCACAATGCCCAAAGTTTCTAAATAGCTGTCTAATAGATAGAG
937	chr22	23049911	chr22	23107859	-+			HWI-ST1113:353:H99R3ADXX:2:2114:13659:3853	3853	False	Concordant	1	chr22	23107326	23107349	+	15S24M61S	TTTTTTTTTTTTTTTTTTTTTTAA
961	chr22	23049911	chr22	23107859	-+			HWI-ST1113:353:H99R3ADXX:2:1101:15111:2482	2482	False	Concordant	1	chr22	23108050	23108142	-	93M7S	TAATGCCACTATTGCCCATCTGGGTCTGTACAAATCCAAATTCATCTTCCAGGATCATTCAACTATTGTAGAGATCAGTCCAGTAAACTGAAA
977	chr22	23049911	chr22	23107859	-+			HWI-ST1113:353:H99R3ADXX:2:1201:5750:80022	80022	False	Concordant	1	chr22	23107953	23108047	+	5S95M	AATAGACAAGACCTCAGTATCTGCTTCAGTGATGTAACTGTGCACCTGCAGCCATAGCATTCTGTTCCAGGAGATCCCCATCTGGCACAGATATT
992	chr22	23049911	chr22	23107859	-+			HWI-ST1113:353:H99R3ADXX:2:1207:11402:29576	29576	False	Concordant	2	chr22	23108496	23108590	-	5S95M	ACATTTTTACTGTACTTACTGCCGCTTAATTACACACTTAAAAATGATTAAAAGGATGAAACATTTTGTTATGTTTATTTTACCATAATAAAAAT
