,break_chrom1,break_pos1,break_chrom2,break_pos2,break_sv_type,break_read_support,break_features,break_orientation,AA_homology_len,AA_homology_seq,query_name,query_short,split,proper_pair,read_num,query_chrom,query_pos,query_end,query_orientation,query_cigar,query_aln_full,query_aln_sub
21,chr9,133607147,chr22,23632742,interchromosomal,7,unknown,-+,5.0,GAGTG,HWI-ST1113:353:H99R3ADXX:2:1105:8173:42709,42709,False,Concordant,1,chr9,133607147,133607225,+,21S79M,CCTTTGACCCTGGCCGCTGTGGAGTGGGTTTTATCAGCTTCCATACCCAAACAGAAATACCCTTAAGGATTTTCTTCTCTGATTGCACTAAATCTATAGG,GAGTGGGTTTTATCAGCTTCCATACCCAAACAGAAATACCCTTAAGGATTTTCTTCTCTGATTGCACTAAATCTATAGG
24,chr9,133607147,chr22,23632742,interchromosomal,7,unknown,-+,5.0,GAGTG,HWI-ST1113:353:H99R3ADXX:2:1115:4080:55306,55306,False,Concordant,2,chr9,133607147,133607223,+,23S77M,CACCTTTGACCCTGGCCGCTGTGGAGTGGGTTTTATCAGCTTCCATACCCAAACAGAAATACCCTTAAGGATTTTCTTCTCTGATTGCACTAAATCTATA,GAGTGGGTTTTATCAGCTTCCATACCCAAACAGAAATACCCTTAAGGATTTTCTTCTCTGATTGCACTAAATCTATA
25,chr9,133607147,chr22,23632742,interchromosomal,7,unknown,-+,5.0,GAGTG,HWI-ST1113:353:H99R3ADXX:2:2109:3679:74579,74579,False,Discordant,1,chr9,133607147,133607240,-,6S94M,GCTGTGGAGTGGGTTTTATCAGCTTCCATACCCAAACAGAAATACCCTTAAGGATTTTCTTCTCTGATTGCACTAAATCTATAGGTTTCTTTGATCCTAG,GAGTGGGTTTTATCAGCTTCCATACCCAAACAGAAATACCCTTAAGGATTTTCTTCTCTGATTGCACTAAATCTATAGGTTTCTTTGATCCTAG
52,chr9,133607147,chr22,23632742,interchromosomal,7,unknown,-+,5.0,GAGTG,HWI-ST1113:353:H99R3ADXX:2:1115:16416:31425,31425,False,Concordant,2,chr22,23632371,23632458,+,12S88M,AAATAAAGCTACGTATGTTTTTAGCCAAAGACACTCGCTTACCTTGTGCCAGGCAGATGGAAGCCCCATAGTGTCCACCGGAAGGGTGATTTTTAAGCAG,GTATGTTTTTAGCCAAAGACACTCGCTTACCTTGTGCCAGGCAGATGGAAGCCCCATAGTGTCCACCGGAAGGGTGATTTTTAAGCAG
58,chr9,133607147,chr22,23632742,interchromosomal,7,unknown,-+,5.0,GAGTG,HWI-ST1113:353:H99R3ADXX:2:1107:3361:83530,83530,False,Concordant,2,chr22,23632647,23632742,-,96M4S,CTCCACCCAGGAAGGACTAATCGGGCAGGGTGTGGGGAAACAGGGAGGTTGTTCAGATGACCACGGGACACCTTTGACCCTGGCCGCTGTGGAGTGGGTT,CTCCACCCAGGAAGGACTAATCGGGCAGGGTGTGGGGAAACAGGGAGGTTGTTCAGATGACCACGGGACACCTTTGACCCTGGCCGCTGTGGAGTG
60,chr9,133607147,chr22,23632742,interchromosomal,7,unknown,-+,5.0,GAGTG,HWI-ST1113:353:H99R3ADXX:2:2112:5107:43841,43841,False,Concordant,2,chr22,23632654,23632742,-,89M11S,CAGGAAGGACTAATCGGGCAGGGTGTGGGGAAACAGGGAGGTTGTTCAGATGACCACGGGACACCTTTGACCCTGGCCGCTGTGGAGTGGGTTTTATCAG,CAGGAAGGACTAATCGGGCAGGGTGTGGGGAAACAGGGAGGTTGTTCAGATGACCACGGGACACCTTTGACCCTGGCCGCTGTGGAGTG
62,chr9,133607147,chr22,23632742,interchromosomal,7,unknown,-+,5.0,GAGTG,HWI-ST1113:353:H99R3ADXX:2:1206:15684:7231,7231,False,Concordant,2,chr22,23632655,23632742,-,88M12S,AGGAAGGACTAATCGGGCAGGGTGTGGGGAAACAGGGAGGTTGTTCAGATGACCACGGGACACCTTTGACCCTGGCCGCTGTGGAGTGGGTTTTATCAGC,AGGAAGGACTAATCGGGCAGGGTGTGGGGAAACAGGGAGGTTGTTCAGATGACCACGGGACACCTTTGACCCTGGCCGCTGTGGAGTG
82,chr9,134155524,chr13,108661411,interchromosomal,6,unknown,++,2.0,AT,HWI-ST1113:353:H99R3ADXX:2:2109:4740:80488,80488,False,Concordant,1,chr9,134155367,134155426,+,40S60M,TAGCCAGGGACATCCACTCTGGACAACGATGTGACAGTTTACTAGGAAGTCCTACCAACAGAGGCGTAGGAGCGCCCACATGCAGAGCACTTGCAAAGTA,ACTAGGAAGTCCTACCAACAGAGGCGTAGGAGCGCCCACATGCAGAGCACTTGCAAAGTA
83,chr9,134155524,chr13,108661411,interchromosomal,6,unknown,++,2.0,AT,HWI-ST1113:353:H99R3ADXX:2:2109:4740:80488,80488,False,Concordant,2,chr9,134155452,134155515,-,64M36S,CCCCCTTGACATCACCAAAGCCCAGGACGTCATCTCAGTCTGCCGGAGAAGGGACCAGGAAGCACCAGCCCATTATAGTTTTCAAGACAAAGGCGGAAGA,CCCCCTTGACATCACCAAAGCCCAGGACGTCATCTCAGTCTGCCGGAGAAGGGACCAGGAAGCA
86,chr9,134155524,chr13,108661411,interchromosomal,6,unknown,++,2.0,AT,HWI-ST1113:353:H99R3ADXX:2:2110:18826:28031,28031,False,Concordant,1,chr9,134155451,134155524,-,74M26S,TCCCCCTTGACATCACCCCTGCACAGGATGTCATCTCAGTCTGCAGGAGAAGGGACCAGGAAGCATCAGTCCATTATAATTTTCAAGACAAAGCAGGAAG,TCCCCCTTGACATCACCCCTGCACAGGATGTCATCTCAGTCTGCAGGAGAAGGGACCAGGAAGCATCAGTCCAT
90,chr9,134155524,chr13,108661411,interchromosomal,6,unknown,++,2.0,AT,HWI-ST1113:353:H99R3ADXX:2:1106:1390:44926,44926,False,Discordant,1,chr9,134155445,134155524,+,80M20S,ACCTGCTCCCCCTTGACATCACCCCTGCACAGGATGTCATCTCAGTCTGCAGGAGAAGGGACCAGGAAGCATCAGTCCATTATAATTTTCAAGACAAAGC,ACCTGCTCCCCCTTGACATCACCCCTGCACAGGATGTCATCTCAGTCTGCAGGAGAAGGGACCAGGAAGCATCAGTCCAT
103,chr9,134155524,chr13,108661411,interchromosomal,6,unknown,++,2.0,AT,HWI-ST1113:353:H99R3ADXX:2:1206:11753:38163,38163,False,Concordant,2,chr13,108661318,108661411,-,94M6S,TAAACATTCAAGTTTTATGACTTTGAGTGAAGTATTTAGGACTTGCTTCTATTGAGGCTATTTTACCTTCCTGCTTTGTCTTGAAAATTATAATGGACTG,TAAACATTCAAGTTTTATGACTTTGAGTGAAGTATTTAGGACTTGCTTCTATTGAGGCTATTTTACCTTCCTGCTTTGTCTTGAAAATTATAAT
106,chr9,134155524,chr13,108661411,interchromosomal,6,unknown,++,2.0,AT,HWI-ST1113:353:H99R3ADXX:2:1205:12959:15460,15460,False,Concordant,1,chr13,108661328,108661411,-,84M16S,AGTTTTATGACTTTGAGTGAAGTATTTAGGACTTGCTTCTATTGAGGCTATTTTACCTTCCTGCTTTGTCTTGAAAATTATAATGGACTGATGCTTCCTG,AGTTTTATGACTTTGAGTGAAGTATTTAGGACTTGCTTCTATTGAGGCTATTTTACCTTCCTGCTTTGTCTTGAAAATTATAAT
109,chr9,134155524,chr13,108661411,interchromosomal,6,unknown,++,2.0,AT,HWI-ST1113:353:H99R3ADXX:2:2105:9983:60793,60793,False,Discordant,2,chr13,108661334,108661411,+,78M22S,ATGACTTTGAGTGAAGTATTTAGGACTTGCATCTATTGAGGCTATTTTACCTTCCTGCTTTGTCTTGAAAATTATAATGGACTGATGCTTCCTGGTCCCT,ATGACTTTGAGTGAAGTATTTAGGACTTGCATCTATTGAGGCTATTTTACCTTCCTGCTTTGTCTTGAAAATTATAAT
110,chr9,134155524,chr13,108661411,interchromosomal,6,unknown,++,2.0,AT,HWI-ST1113:353:H99R3ADXX:2:2105:19189:77319,77319,False,Discordant,1,chr13,108661338,108661411,+,74M26S,CTTTGAGTGAAGTATTTAGGACTTGCTTCTATTGAGGCTATTTTACCTTCCTGCTTTGTCTTGAAAATTATAATGGACTGATGCTTCCTGGTCCCTTCTC,CTTTGAGTGAAGTATTTAGGACTTGCTTCTATTGAGGCTATTTTACCTTCCTGCTTTGTCTTGAAAATTATAAT
133,chr13,81088033,chr13,81469935,inversion,4,ecDNA,--,3.0,AAC,HWI-ST1113:353:H99R3ADXX:2:1203:15872:69813,69813,False,Discordant,1,chr13,81470218,81470311,+,94M6S,ATGCCTGAATAATATTGATATTAGTTATTTGTAACTTGTATCTCTGTTTTAAAAAGTTTATCTATATGTCTTGCCACAGATTTATTACTTTTATTTCAGA,ATGCCTGAATAATATTGATATTAGTTATTTGTAACTTGTATCTCTGTTTTAAAAAGTTTATCTATATGTCTTGCCACAGATTTATTACTTTTAT
151,chr13,81088033,chr13,81469935,inversion,4,ecDNA,--,3.0,AAC,HWI-ST1113:353:H99R3ADXX:2:1213:17970:31423,31423,False,Concordant,1,chr13,81469796,81469870,+,75M25S,CTTGCCTCATGCCTGGATGAGGGGTAAGAGACAGGAAACAGGAGGGCAGGAGATTGTCAGAGAGAAACTGCTTTTCATTCCACCATTTTGGTGCATTATT,CTTGCCTCATGCCTGGATGAGGGGTAAGAGACAGGAAACAGGAGGGCAGGAGATTGTCAGAGAGAAACTGCTTTT
163,chr13,81109414,chr13,90438707,deletion-like,3,ecDNA,+-,3.0,TGG,HWI-ST1113:353:H99R3ADXX:2:2211:17685:53350,53350,False,Discordant,2,chr13,81109329,81109414,+,86M14S,GTGCCTATGTGTTTATCTCCACAGTGCAATGTATTGGTTACATAATAGCTGTCACTGACTGAATTAATTTTACCTCATATGTCTGGGCAAAATCTTAAGC,GTGCCTATGTGTTTATCTCCACAGTGCAATGTATTGGTTACATAATAGCTGTCACTGACTGAATTAATTTTACCTCATATGTCTGG
176,chr13,81109414,chr13,90438707,deletion-like,3,ecDNA,+-,3.0,TGG,HWI-ST1113:353:H99R3ADXX:2:2107:18776:37286,37286,False,Concordant,2,chr13,81109339,81109414,-,76M24S,GTTTATCTGCACAGTGCAATGTATTGGTTACATAATAGCTGTCACTGACTGAATTAATTTTACCTCATATGTCTGGGCAAAATCTTAAGCTCAGTTTTTT,GTTTATCTGCACAGTGCAATGTATTGGTTACATAATAGCTGTCACTGACTGAATTAATTTTACCTCATATGTCTGG
177,chr13,81109414,chr13,90438707,deletion-like,3,ecDNA,+-,3.0,TGG,HWI-ST1113:353:H99R3ADXX:2:1105:1237:14946,14946,False,Concordant,1,chr13,81109341,81109414,-,74M26S,TTATCTCCACAGTGCAATGTATTGGTTACATAATAGCTGTCACTGACTGAATTAATTTTACCTCATATGTCTGGGCAAAATCTTAAGCTCAGTTTTTTAA,TTATCTCCACAGTGCAATGTATTGGTTACATAATAGCTGTCACTGACTGAATTAATTTTACCTCATATGTCTGG
178,chr13,81109414,chr13,90438707,deletion-like,3,ecDNA,+-,3.0,TGG,HWI-ST1113:353:H99R3ADXX:2:1105:1237:14946,14946,False,Concordant,2,chr13,81109280,81109377,+,2S98M,AATGTGTGTGTGTGTGTGTGTGTGTGTGTGTGTGTGTGTGCGCGTGCCCATGTGCCTATGTGTTTATCTCCACAGTGCAATGTATTGGTTACATAATAGC,TGTGTGTGTGTGTGTGTGTGTGTGTGTGTGTGTGTGTGCGCGTGCCCATGTGCCTATGTGTTTATCTCCACAGTGCAATGTATTGGTTACATAATAGC
180,chr13,81109414,chr13,90438707,deletion-like,3,ecDNA,+-,3.0,TGG,HWI-ST1113:353:H99R3ADXX:2:2115:8155:16139,16139,False,Concordant,2,chr13,81109334,81109414,-,81M19S,TATGTGTTTATCTCCACAGTGCAATGTATTGGTTACATAATAGCTGTCACTGACTGAATTAATTTTACCTCATATGTCTGGGCAAAATCTTAAGCTCAGT,TATGTGTTTATCTCCACAGTGCAATGTATTGGTTACATAATAGCTGTCACTGACTGAATTAATTTTACCTCATATGTCTGG
182,chr13,81109414,chr13,90438707,deletion-like,3,ecDNA,+-,3.0,TGG,HWI-ST1113:353:H99R3ADXX:2:2215:2231:53830,53830,False,Concordant,2,chr13,81109336,81109414,-,79M21S,TGTGTTTATCTCCACAGTGCAATGTATTGGTTACATAATAGCTGTCTCTGACTGAATTAATTTTACCTCATATGTCTGGGCAAAATCTTAAGCTCAGTTT,TGTGTTTATCTCCACAGTGCAATGTATTGGTTACATAATAGCTGTCTCTGACTGAATTAATTTTACCTCATATGTCTGG
198,chr13,81470036,chr13,81470311,foldback,3,ecDNA,++,6.0,ATAAAA,HWI-ST1113:353:H99R3ADXX:2:1213:17970:31423,31423,False,Concordant,1,chr13,81469796,81469870,+,75M25S,CTTGCCTCATGCCTGGATGAGGGGTAAGAGACAGGAAACAGGAGGGCAGGAGATTGTCAGAGAGAAACTGCTTTTCATTCCACCATTTTGGTGCATTATT,CTTGCCTCATGCCTGGATGAGGGGTAAGAGACAGGAAACAGGAGGGCAGGAGATTGTCAGAGAGAAACTGCTTTT
218,chr13,81470036,chr13,81470311,foldback,3,ecDNA,++,6.0,ATAAAA,HWI-ST1113:353:H99R3ADXX:2:1203:15872:69813,69813,False,Discordant,1,chr13,81470218,81470311,+,94M6S,ATGCCTGAATAATATTGATATTAGTTATTTGTAACTTGTATCTCTGTTTTAAAAAGTTTATCTATATGTCTTGCCACAGATTTATTACTTTTATTTCAGA,ATGCCTGAATAATATTGATATTAGTTATTTGTAACTTGTATCTCTGTTTTAAAAAGTTTATCTATATGTCTTGCCACAGATTTATTACTTTTAT
270,chr13,94023408,chr13,108500973,deletion-like,3,unknown,+-,,,HWI-ST1113:353:H99R3ADXX:2:2105:1359:26096,26096,False,Concordant,1,chr13,108501077,108501148,+,72M28S,ACATAATATTTCTCATAACTCTTCAAATGAAAAATTGTGCAAAATGTCTGACCGGTCAAATTTGAAACTAAAGGAGTAAATGGAAAAGGTGGGGGAAATT,ACATAATATTTCTCATAACTCTTCAAATGAAAAATTGTGCAAAATGTCTGACCGGTCAAATTTGAAACTAAA
284,chr13,94023408,chr13,108500973,deletion-like,3,unknown,+-,,,HWI-ST1113:353:H99R3ADXX:2:2103:4025:87256,87256,False,Discordant,2,chr13,94023311,94023408,+,98M2S,AACATAGTCCACAGCTATGTGGATGGTTGTGACAGATGTTGTATTCTGATTTTGAAAACTAGGTTGAAATGTAACATAGTTCTTGACATATGCATTTTAT,AACATAGTCCACAGCTATGTGGATGGTTGTGACAGATGTTGTATTCTGATTTTGAAAACTAGGTTGAAATGTAACATAGTTCTTGACATATGCATTTT
285,chr13,94023408,chr13,108500973,deletion-like,3,unknown,+-,,,HWI-ST1113:353:H99R3ADXX:2:2112:13606:93655,93655,False,Discordant,1,chr13,94023322,94023408,+,87M13S,CAGCTATGTGGATGGTTGTGACAGATGTTGTATTCTGATTTTGAAAACTAGGTTGAAATGTAACATAGTTCTTGACATATGCATTTTATCTATCCTAAAT,CAGCTATGTGGATGGTTGTGACAGATGTTGTATTCTGATTTTGAAAACTAGGTTGAAATGTAACATAGTTCTTGACATATGCATTTT
394,chr22,20950574,chr22,20953842,deletion-like,4,unknown,+-,,,HWI-ST1113:353:H99R3ADXX:2:2210:7420:53204,53204,False,Concordant,2,chr22,20950540,20950623,-,84M16S,GCTACCCCAGAAGTATAGGCATGGCTGCTTGCACCACCAATTTAAATGCTAATTACTTCTGAAAACACCCTCACACACATGCCCTAATTTTTTGTATTTT,GCTACCCCAGAAGTATAGGCATGGCTGCTTGCACCACCAATTTAAATGCTAATTACTTCTGAAAACACCCTCACACACATGCCC
397,chr22,20950574,chr22,20953842,deletion-like,4,unknown,+-,,,HWI-ST1113:353:H99R3ADXX:2:1214:11844:36079,36079,False,Concordant,1,chr22,20953840,20953922,+,17S83M,ACCCTCACACACATGCCCTAATTTTTTGTATTTTTAGTAGAGATGGGGTTTCACCATGTTGCTCAGGCTGGTCTCAAACTCCTGAGCTCAGGCGATCCAC,CTAATTTTTTGTATTTTTAGTAGAGATGGGGTTTCACCATGTTGCTCAGGCTGGTCTCAAACTCCTGAGCTCAGGCGATCCAC
445,chr22,23049708,chr22,23108070,deletion-like,2,unknown,+-,,,HWI-ST1113:353:H99R3ADXX:2:1115:14945:3472,3472,False,Concordant,1,chr22,23049741,23049838,-,98M2S,TCACTGGTTCTGATCTTATTCTATGAGGGATTTGGTCAAGCCCTCAGTATCTGCTTCAGTGATGTAAGTGTGCACCTACTGCCATAGCATTGTGTTCCAG,TCACTGGTTCTGATCTTATTCTATGAGGGATTTGGTCAAGCCCTCAGTATCTGCTTCAGTGATGTAAGTGTGCACCTACTGCCATAGCATTGTGTTCC
446,chr22,23049708,chr22,23108070,deletion-like,2,unknown,+-,,,HWI-ST1113:353:H99R3ADXX:2:1115:14945:3472,3472,False,Concordant,2,chr22,23049652,23049749,+,98M2S,CATGATGATAGCATGATAGAGATAAAAGAGGTAATGATGCTAGTCGGTGAAAGTAGGAATGTATACTGCCGTCCATTCCCCCTGAATACACACTGATTTT,CATGATGATAGCATGATAGAGATAAAAGAGGTAATGATGCTAGTCGGTGAAAGTAGGAATGTATACTGCCGTCCATTCCCCCTGAATACACACTGATT
449,chr22,23049708,chr22,23108070,deletion-like,2,unknown,+-,,,HWI-ST1113:353:H99R3ADXX:2:2214:16675:34601,34601,False,Concordant,1,chr22,23049872,23049960,-,89M11S,GCCACTATTGCCCATCTGGGTCTGTACAAATCCAAATTCATCTTCCAGGATCATTCAACTATTGTAGAGATCAGTCCAGTAAACTGAAAGTGAGGACCCC,GCCACTATTGCCCATCTGGGTCTGTACAAATCCAAATTCATCTTCCAGGATCATTCAACTATTGTAGAGATCAGTCCAGTAAACTGAAA
453,chr22,23049708,chr22,23108070,deletion-like,2,unknown,+-,,,HWI-ST1113:353:H99R3ADXX:2:1206:8351:29318,29318,False,Concordant,1,chr22,23049707,23049801,+,95M5S,TGAATGTATACTGTTGTCCATTCCACCTGAATGCACACTGATTCTGATCCTATTCTCTGAGGGAAATAGACAAGACCTCAGTATCTGCTTCAGTGGTGTA,TGAATGTATACTGTTGTCCATTCCACCTGAATGCACACTGATTCTGATCCTATTCTCTGAGGGAAATAGACAAGACCTCAGTATCTGCTTCAGTG
467,chr22,23049708,chr22,23108070,deletion-like,2,unknown,+-,,,HWI-ST1113:353:H99R3ADXX:2:2207:15138:17722,17722,False,Concordant,1,chr22,23049783,23049839,-,43S57M,TTGTTGACTGTGACTGGAGTTCAGACGTGTGCTCTTACGATCTCTCAGTATCTGCTTCAGTGATGTAACTGTGCACCTGCAGCCATAGCATTCTGTTCCA,CTCAGTATCTGCTTCAGTGATGTAACTGTGCACCTGCAGCCATAGCATTCTGTTCCA
468,chr22,23049708,chr22,23108070,deletion-like,2,unknown,+-,,,HWI-ST1113:353:H99R3ADXX:2:2207:15138:17722,17722,False,Concordant,2,chr22,23049783,23049838,+,56M44S,CTCAGTATCTGCTTCAGTGATGTAACTGTGCACCTGCAGCCATAGCATTCTGTTCCAAGATCGGAAGAGCGTCGTGTAGGGAAAGAGTGTAGATCTCGGT,CTCAGTATCTGCTTCAGTGATGTAACTGTGCACCTGCAGCCATAGCATTCTGTTCC
493,chr22,23049708,chr22,23108070,deletion-like,2,unknown,+-,,,HWI-ST1113:353:H99R3ADXX:2:1201:5750:80022,80022,False,Concordant,1,chr22,23107953,23108047,+,5S95M,AGGGAAATAGACAAGACCTCAGTATCTGCTTCAGTGATGTAACTGTGCACCTGCAGCCATAGCATTCTGTTCCAGGAGATCCCCATCTGGCACAGATATT,AATAGACAAGACCTCAGTATCTGCTTCAGTGATGTAACTGTGCACCTGCAGCCATAGCATTCTGTTCCAGGAGATCCCCATCTGGCACAGATATT
513,chr22,23049708,chr22,23108070,deletion-like,2,unknown,+-,,,HWI-ST1113:353:H99R3ADXX:2:1101:15111:2482,2482,False,Concordant,1,chr22,23108050,23108142,-,93M7S,TAATGCCACTATTGCCCATCTGGGTCTGTACAAATCCAAATTCATCTTCCAGGATCATTCAACTATTGTAGAGATCAGTCCAGTAAACTGAAAACAAAAC,TAATGCCACTATTGCCCATCTGGGTCTGTACAAATCCAAATTCATCTTCCAGGATCATTCAACTATTGTAGAGATCAGTCCAGTAAACTGAAA
520,chr22,23049708,chr22,23108070,deletion-like,2,unknown,+-,,,HWI-ST1113:353:H99R3ADXX:2:1207:11402:29576,29576,False,Concordant,2,chr22,23108496,23108590,-,5S95M,GCACAACATTTTTACTGTACTTACTGCCGCTTAATTACACACTTAAAAATGATTAAAAGGATGAAACATTTTGTTATGTTTATTTTACCATAATAAAAAT,ACATTTTTACTGTACTTACTGCCGCTTAATTACACACTTAAAAATGATTAAAAGGATGAAACATTTTGTTATGTTTATTTTACCATAATAAAAAT
523,chr22,23049911,chr22,23107859,duplication-like,2,ecDNA,-+,,,HWI-ST1113:353:H99R3ADXX:2:2214:16675:34601,34601,False,Concordant,1,chr22,23049872,23049960,-,89M11S,GCCACTATTGCCCATCTGGGTCTGTACAAATCCAAATTCATCTTCCAGGATCATTCAACTATTGTAGAGATCAGTCCAGTAAACTGAAAGTGAGGACCCC,GCCACTATTGCCCATCTGGGTCTGTACAAATCCAAATTCATCTTCCAGGATCATTCAACTATTGTAGAGATCAGTCCAGTAAACTGAAA
531,chr22,23049911,chr22,23107859,duplication-like,2,ecDNA,-+,,,HWI-ST1113:353:H99R3ADXX:2:1206:8351:29318,29318,False,Concordant,1,chr22,23049707,23049801,+,95M5S,TGAATGTATACTGTTGTCCATTCCACCTGAATGCACACTGATTCTGATCCTATTCTCTGAGGGAAATAGACAAGACCTCAGTATCTGCTTCAGTGGTGTA,TGAATGTATACTGTTGTCCATTCCACCTGAATGCACACTGATTCTGATCCTATTCTCTGAGGGAAATAGACAAGACCTCAGTATCTGCTTCAGTG
537,chr22,23049911,chr22,23107859,duplication-like,2,ecDNA,-+,,,HWI-ST1113:353:H99R3ADXX:2:1115:14945:3472,3472,False,Concordant,1,chr22,23049741,23049838,-,98M2S,TCACTGGTTCTGATCTTATTCTATGAGGGATTTGGTCAAGCCCTCAGTATCTGCTTCAGTGATGTAAGTGTGCACCTACTGCCATAGCATTGTGTTCCAG,TCACTGGTTCTGATCTTATTCTATGAGGGATTTGGTCAAGCCCTCAGTATCTGCTTCAGTGATGTAAGTGTGCACCTACTGCCATAGCATTGTGTTCC
538,chr22,23049911,chr22,23107859,duplication-like,2,ecDNA,-+,,,HWI-ST1113:353:H99R3ADXX:2:1115:14945:3472,3472,False,Concordant,2,chr22,23049652,23049749,+,98M2S,CATGATGATAGCATGATAGAGATAAAAGAGGTAATGATGCTAGTCGGTGAAAGTAGGAATGTATACTGCCGTCCATTCCCCCTGAATACACACTGATTTT,CATGATGATAGCATGATAGAGATAAAAGAGGTAATGATGCTAGTCGGTGAAAGTAGGAATGTATACTGCCGTCCATTCCCCCTGAATACACACTGATT
553,chr22,23049911,chr22,23107859,duplication-like,2,ecDNA,-+,,,HWI-ST1113:353:H99R3ADXX:2:2207:15138:17722,17722,False,Concordant,1,chr22,23049783,23049839,-,43S57M,TTGTTGACTGTGACTGGAGTTCAGACGTGTGCTCTTACGATCTCTCAGTATCTGCTTCAGTGATGTAACTGTGCACCTGCAGCCATAGCATTCTGTTCCA,CTCAGTATCTGCTTCAGTGATGTAACTGTGCACCTGCAGCCATAGCATTCTGTTCCA
554,chr22,23049911,chr22,23107859,duplication-like,2,ecDNA,-+,,,HWI-ST1113:353:H99R3ADXX:2:2207:15138:17722,17722,False,Concordant,2,chr22,23049783,23049838,+,56M44S,CTCAGTATCTGCTTCAGTGATGTAACTGTGCACCTGCAGCCATAGCATTCTGTTCCAAGATCGGAAGAGCGTCGTGTAGGGAAAGAGTGTAGATCTCGGT,CTCAGTATCTGCTTCAGTGATGTAACTGTGCACCTGCAGCCATAGCATTCTGTTCC
565,chr22,23049911,chr22,23107859,duplication-like,2,ecDNA,-+,,,HWI-ST1113:353:H99R3ADXX:2:1205:7524:27786,27786,False,Concordant,1,chr22,23050209,23050259,-,51M49S,CATTTTGTCCACAATGCCCAAAGTTTCTAAATAGCTGTCTAATAGATAGAGAGGTTCTGTGTGGGCTGATGAAAAAGCTCTGGGGTTGGATAGTGGTGAT,CATTTTGTCCACAATGCCCAAAGTTTCTAAATAGCTGTCTAATAGATAGAG
605,chr22,23049911,chr22,23107859,duplication-like,2,ecDNA,-+,,,HWI-ST1113:353:H99R3ADXX:2:1101:15111:2482,2482,False,Concordant,1,chr22,23108050,23108142,-,93M7S,TAATGCCACTATTGCCCATCTGGGTCTGTACAAATCCAAATTCATCTTCCAGGATCATTCAACTATTGTAGAGATCAGTCCAGTAAACTGAAAACAAAAC,TAATGCCACTATTGCCCATCTGGGTCTGTACAAATCCAAATTCATCTTCCAGGATCATTCAACTATTGTAGAGATCAGTCCAGTAAACTGAAA
631,chr22,23049911,chr22,23107859,duplication-like,2,ecDNA,-+,,,HWI-ST1113:353:H99R3ADXX:2:1201:5750:80022,80022,False,Concordant,1,chr22,23107953,23108047,+,5S95M,AGGGAAATAGACAAGACCTCAGTATCTGCTTCAGTGATGTAACTGTGCACCTGCAGCCATAGCATTCTGTTCCAGGAGATCCCCATCTGGCACAGATATT,AATAGACAAGACCTCAGTATCTGCTTCAGTGATGTAACTGTGCACCTGCAGCCATAGCATTCTGTTCCAGGAGATCCCCATCTGGCACAGATATT
